062b090c083845612e0ed7dc400c9106	D_0__Bacteria	D_1__Proteobacteria	D_2__Deltaproteobacteria	D_3__Myxococcales	D_4__Nannocystaceae		
e3c9fb8d8e882e9f6d98ff1d7c32f03f	D_0__Bacteria	D_1__Proteobacteria	D_2__Gammaproteobacteria	D_3__Alteromonadales	D_4__Alteromonadaceae		
324499b03d46622141270fc634500ef1	D_0__Bacteria	D_1__Proteobacteria	D_2__Gammaproteobacteria	D_3__Alteromonadales	D_4__Alteromonadaceae		
007861cf4357c84116e647b68ab1bf30	D_0__Bacteria	D_1__Actinobacteria	D_2__Actinobacteria	D_3__Micrococcales	D_4__Micrococcaceae	D_5__Micrococcus	
ab16548aa6887db45c3b0c3c970c88ba	D_0__Bacteria	D_1__Proteobacteria	D_2__Gammaproteobacteria	D_3__Alteromonadales	D_4__Alteromonadaceae	D_5__Alteromonas	
5726619608b84ee3018c815204cdff7a	D_0__Bacteria	D_1__Proteobacteria	D_2__Alphaproteobacteria	D_3__Rhodobacterales	D_4__Rhodobacteraceae		
682e5342211c704576db92e0bb567c8e	D_0__Bacteria	D_1__Proteobacteria	D_2__Deltaproteobacteria	D_3__Oligoflexales	D_4__Oligoflexaceae		
036c25714c3a550c732bb3fb065c2637	D_0__Bacteria	D_1__Proteobacteria	D_2__Gammaproteobacteria	D_3__Betaproteobacteriales	D_4__Burkholderiaceae	D_5__Cupriavidus	
e0cc6a95596c1068ec99eb67cea8d93e	D_0__Bacteria	D_1__Proteobacteria	D_2__Gammaproteobacteria	D_3__Alteromonadales	D_4__Marinobacteraceae	D_5__Marinobacter	
e82296843639d9044e7f161d5628873e	D_0__Bacteria	D_1__Chlamydiae	D_2__Chlamydiae	D_3__Chlamydiales	D_4__Simkaniaceae		
77cd18f21765bf8edab2287e1498809f	D_0__Bacteria	D_1__Proteobacteria	D_2__Gammaproteobacteria	D_3__Alteromonadales	D_4__Alteromonadaceae	D_5__Alteromonas	D_6__Alteromonas halophila
2e371beb95bfbb6eb92ccd5987360ca4	D_0__Bacteria	D_1__Proteobacteria	D_2__Alphaproteobacteria	D_3__Rhizobiales	D_4__Stappiaceae	D_5__Labrenzia	
0142e3efbe4c804a7b44f9ddbfc319a6	D_0__Bacteria	D_1__Proteobacteria	D_2__Alphaproteobacteria	D_3__Rhodobacterales	D_4__Rhodobacteraceae	D_5__Thalassobius	
107e04ddc4519998efd0c7f0d4a3c619	D_0__Bacteria	D_1__Bacteroidetes	D_2__Bacteroidia	D_3__Chitinophagales	D_4__Saprospiraceae		
3067a020322674dc3d6247b83ffa89a0	D_0__Bacteria	D_1__Proteobacteria	D_2__Gammaproteobacteria	D_3__Alteromonadales	D_4__Alteromonadaceae	D_5__Alteromonas	D_6__Alteromonas halophila
b727d59663cdd78bfa2131b90dd7b8ac	D_0__Bacteria	D_1__Proteobacteria	D_2__Alphaproteobacteria	D_3__Sphingomonadales	D_4__Sphingomonadaceae	D_5__Novosphingobium	
29e58ca9bdd079d531e2aed3eb1e413a	D_0__Bacteria	D_1__Spirochaetes	D_2__Spirochaetia	D_3__Spirochaetales	D_4__Spirochaetaceae	D_5__Spirochaeta 2	
cfe66360a7df8328fe6336e9b8b4503a	D_0__Bacteria	D_1__Proteobacteria	D_2__Gammaproteobacteria	D_3__Betaproteobacteriales	D_4__Methylophilaceae	D_5__OM43 clade	
1095368a251dc3880e91650081c8885b	D_0__Bacteria	D_1__Proteobacteria	D_2__Alphaproteobacteria	D_3__Rhodobacterales	D_4__Rhodobacteraceae		
b795f2a86a9995ec9228faeab179c415	D_0__Bacteria	D_1__Proteobacteria	D_2__Alphaproteobacteria	D_3__Rhodobacterales	D_4__Rhodobacteraceae		
5f303d5361eaea06168f2dd3aae55a2f	D_0__Bacteria	D_1__Actinobacteria	D_2__Actinobacteria	D_3__Propionibacteriales	D_4__Propionibacteriaceae	D_5__Cutibacterium	
78cfa7640273ecfa85ac68a5aa8bc78c	D_0__Bacteria	D_1__Proteobacteria	D_2__Alphaproteobacteria	D_3__Rhodobacterales	D_4__Rhodobacteraceae	D_5__Tropicibacter	D_6__Tropicibacter multivorans
af1fede73a8c5dee69bcd469b7a3fe4b	D_0__Bacteria	D_1__Proteobacteria	D_2__Gammaproteobacteria	D_3__Oceanospirillales	D_4__Halomonadaceae	D_5__Oceanospirillum	
b96fde782b164fc827853ef696f4551f	D_0__Bacteria	D_1__Proteobacteria	D_2__Alphaproteobacteria	D_3__Rhodobacterales	D_4__Rhodobacteraceae	D_5__Leisingera	
d506c43c84f7ec0c561c0a425e99fa83	D_0__Bacteria	D_1__Proteobacteria	D_2__Gammaproteobacteria	D_3__Alteromonadales	D_4__Marinobacteraceae	D_5__Marinobacter	
72b534e7f9aee17f9ef904f3abfd8e46	D_0__Bacteria	D_1__Proteobacteria	D_2__Gammaproteobacteria	D_3__Alteromonadales	D_4__Alteromonadaceae	D_5__Alteromonas	
409c4297b9e1d103aeb703e7f4cffa41	D_0__Bacteria	D_1__Proteobacteria	D_2__Gammaproteobacteria	D_3__Alteromonadales	D_4__Alteromonadaceae	D_5__Alteromonas	
66d339eef55eb8c441e5155da4e8236a	D_0__Bacteria	D_1__Proteobacteria	D_2__Gammaproteobacteria	D_3__Betaproteobacteriales	D_4__Methylophilaceae	D_5__Methylotenera	
108551344514b94c31ce38aa4bb8ecd5	D_0__Bacteria	D_1__Proteobacteria	D_2__Alphaproteobacteria	D_3__Rhodobacterales	D_4__Rhodobacteraceae		
8766e8c796bf9f95db9966adcbe58242	D_0__Bacteria	D_1__Proteobacteria	D_2__Gammaproteobacteria	D_3__Cellvibrionales	D_4__Spongiibacteraceae		
2db0fc8616aaf032cbedbdcae2e313a8	D_0__Bacteria	D_1__Proteobacteria	D_2__Alphaproteobacteria	D_3__Rhodobacterales	D_4__Rhodobacteraceae		
37693fc4da7177d96a9cd741d266f179	D_0__Bacteria	D_1__Proteobacteria	D_2__Alphaproteobacteria	D_3__Rhizobiales	D_4__Stappiaceae	D_5__Labrenzia	
53e27656d9771af6fe821abd5f47e7c9	D_0__Bacteria	D_1__Actinobacteria	D_2__Actinobacteria	D_3__Micrococcales	D_4__Microbacteriaceae	D_5__Microbacterium	
5fd31ff146ae0889f19a3bf52a33429c	D_0__Bacteria	D_1__Proteobacteria	D_2__Gammaproteobacteria	D_3__Betaproteobacteriales	D_4__Burkholderiaceae	D_5__Pelomonas	
fa53d77f8ec92fdb1b3d0aa833311cd5	D_0__Bacteria	D_1__Acidobacteria	D_2__Subgroup 22	D_3__Acidobacteria bacterium Mor1	D_4__Acidobacteria bacterium Mor1	D_5__Acidobacteria bacterium Mor1	D_6__Acidobacteria bacterium Mor1
d2c5f3db0c5144fa28edff7db03c8f45	D_0__Bacteria	D_1__Proteobacteria	D_2__Alphaproteobacteria	D_3__Rhodobacterales	D_4__Rhodobacteraceae	D_5__Leisingera	
3a923ceadde4506328d0e352a3027a75	D_0__Bacteria	D_1__Proteobacteria	D_2__Alphaproteobacteria	D_3__Caulobacterales	D_4__Hyphomonadaceae	D_5__uncultured	D_6__Cladosiphon okamuranus
9bb32d6c2702e4b387e9c41619583e66	D_0__Bacteria	D_1__Proteobacteria	D_2__Alphaproteobacteria	D_3__Sneathiellales	D_4__Sneathiellaceae	D_5__Sneathiella	
11bb58be038678b5e2b1878c01140c05	D_0__Bacteria	D_1__Proteobacteria	D_2__Alphaproteobacteria	D_3__Sphingomonadales	D_4__Sphingomonadaceae	D_5__Erythrobacter	
9b78efff9b64432876d24450e9b00163	D_0__Bacteria	D_1__Proteobacteria	D_2__Gammaproteobacteria	D_3__Oceanospirillales	D_4__Pseudohongiellaceae	D_5__Pseudohongiella	
61736cc294067b0afda05cbba078155d	D_0__Bacteria	D_1__Proteobacteria	D_2__Gammaproteobacteria	D_3__Alteromonadales	D_4__Alteromonadaceae		
8fb7c34e9774e0623654d0d5b37d51f7	D_0__Bacteria	D_1__Proteobacteria	D_2__Alphaproteobacteria	D_3__Rhodobacterales	D_4__Rhodobacteraceae		
4f1e89fe8963c0dd1c89bcc87c0b8fba	D_0__Bacteria	D_1__Proteobacteria	D_2__Alphaproteobacteria	D_3__Rhodospirillales	D_4__Terasakiellaceae		
c4246dfb397f65efeeb832836e302083	D_0__Bacteria	D_1__Proteobacteria	D_2__Alphaproteobacteria	D_3__Rhodospirillales	D_4__Terasakiellaceae		
05ee672c13ca2e0e6c44a8c8ec463c05	D_0__Bacteria	D_1__Proteobacteria	D_2__Alphaproteobacteria	D_3__Rhodospirillales	D_4__Terasakiellaceae		
da6cc46660ce08372dadadde2ebf11ca	D_0__Bacteria	D_1__Proteobacteria	D_2__Alphaproteobacteria	D_3__Rhodobacterales	D_4__Rhodobacteraceae	D_5__Ruegeria	
2d8937c0945321b687cf6b33c162d0a5	D_0__Bacteria	D_1__Proteobacteria	D_2__Alphaproteobacteria	D_3__Rhodobacterales	D_4__Rhodobacteraceae		
294bfe80ae3edb2e553cf574472ed09e	D_0__Bacteria	D_1__Proteobacteria	D_2__Alphaproteobacteria	D_3__Rhodobacterales	D_4__Rhodobacteraceae		
0e43256777faa593680ecb53e574ae14	D_0__Bacteria	D_1__Bacteroidetes	D_2__Bacteroidia	D_3__Chitinophagales	D_4__Saprospiraceae	D_5__Lewinella	D_6__Cladosiphon okamuranus
7d002daa5238f63e93fbeff1487c3868	D_0__Bacteria	D_1__Proteobacteria	D_2__Alphaproteobacteria	D_3__Rhizobiales	D_4__Methyloligellaceae		
49a8240ed1446fafb14242e44c9832c8	D_0__Bacteria	D_1__Acidobacteria	D_2__Holophagae	D_3__Acanthopleuribacterales	D_4__Acanthopleuribacteraceae	D_5__Acanthopleuribacter	
853d62f828d0f67cdd22a2f0c9e145a5	D_0__Bacteria	D_1__Proteobacteria	D_2__Deltaproteobacteria	D_3__Oligoflexales	D_4__Oligoflexaceae		
e7a7ce8374c1b77ef9f546206ce8bae5	D_0__Bacteria	D_1__Proteobacteria	D_2__Alphaproteobacteria	D_3__Rhodobacterales	D_4__Rhodobacteraceae	D_5__Actibacterium	
ef5b9742902472953b24bf7ff1ef843e	D_0__Bacteria	D_1__Proteobacteria	D_2__Gammaproteobacteria	D_3__Ectothiorhodospirales	D_4__Thioalkalispiraceae	D_5__Thioprofundum	
052ab0021d4b9fc7caa2419fa0f1413d	D_0__Bacteria	D_1__Proteobacteria	D_2__Gammaproteobacteria	D_3__Oceanospirillales	D_4__Litoricolaceae	D_5__Litoricola	
9c7d9a2060bbf25f6a80d54bb8b39618	D_0__Bacteria	D_1__Bacteroidetes	D_2__Bacteroidia	D_3__Cytophagales	D_4__Cyclobacteriaceae	D_5__Fabibacter	D_6__Flammeovirgaceae
6ba5b33e7e94a239109be035d022c82c	D_0__Bacteria	D_1__Bacteroidetes	D_2__Bacteroidia	D_3__Flavobacteriales	D_4__Flavobacteriaceae		
1d76e477fa5e26b2607547244aeb514d	D_0__Bacteria	D_1__Proteobacteria	D_2__Gammaproteobacteria				
6446c7bc904f8086cda9f94a23256eba	D_0__Bacteria	D_1__Proteobacteria	D_2__Alphaproteobacteria	D_3__Rhizobiales	D_4__Stappiaceae		
733bb7586fe47d0dc7519a3ab4e1d6e8	D_0__Bacteria	D_1__Proteobacteria	D_2__Alphaproteobacteria	D_3__Rhizobiales	D_4__Stappiaceae	D_5__Labrenzia	
6a5513b494d307e1c4276ff4a6da1d8b	D_0__Bacteria	D_1__Proteobacteria	D_2__Alphaproteobacteria	D_3__Rhodobacterales	D_4__Rhodobacteraceae	D_5__Roseibacterium	
4ef3cef2c07bc5bd4f791f20ed91ef48	D_0__Bacteria	D_1__Proteobacteria	D_2__Alphaproteobacteria	D_3__Rhizobiales	D_4__Rhizobiaceae		
79346fe4876640613032cff033e9cd5b	D_0__Bacteria	D_1__Planctomycetes	D_2__Planctomycetacia	D_3__Planctomycetales	D_4__Rubinisphaeraceae		
77caf142e552b317810b00e9c3a78563	D_0__Bacteria	D_1__Proteobacteria	D_2__Alphaproteobacteria	D_3__Rhodobacterales	D_4__Rhodobacteraceae	D_5__Ruegeria	
dd5a59afc2cff7f8e78604872e07bcab	D_0__Bacteria	D_1__Proteobacteria	D_2__Alphaproteobacteria	D_3__Rhizobiales	D_4__Stappiaceae	D_5__Labrenzia	
2832a0bcf6ae6d1d6c9e67822301c207	D_0__Bacteria	D_1__Proteobacteria	D_2__Gammaproteobacteria				
a799b6347eed328bc2413d8df13381a5	D_0__Bacteria	D_1__Proteobacteria	D_2__Gammaproteobacteria	D_3__Alteromonadales	D_4__Alteromonadaceae	D_5__Alteromonas	
487965c3f74b8f2f6461f6f97782d2b9	D_0__Bacteria	D_1__Firmicutes	D_2__Bacilli	D_3__Bacillales	D_4__Bacillaceae	D_5__Geobacillus	
85cff93835410d8cd21044c73b5922c2	D_0__Bacteria	D_1__Bacteroidetes	D_2__Bacteroidia	D_3__Chitinophagales			
cd390e8db1a56013cda5a83fa5efaeba	D_0__Bacteria	D_1__Bacteroidetes	D_2__Bacteroidia	D_3__Chitinophagales			
992bed55e2da564978f3638ea90b44c7	D_0__Bacteria	D_1__Proteobacteria	D_2__Gammaproteobacteria	D_3__Francisellales	D_4__Francisellaceae		
c3def7cba0407ac9aa9047ffbe90e5f6	D_0__Bacteria	D_1__Proteobacteria	D_2__Gammaproteobacteria	D_3__Oceanospirillales	D_4__Oleiphilaceae	D_5__Oleiphilus	
f0fb679a2683c69140f20d9fa6adfd4f	D_0__Bacteria	D_1__Proteobacteria	D_2__Alphaproteobacteria	D_3__Rhodobacterales	D_4__Rhodobacteraceae		
842d2c6b055966c57784a4cae2b2139f	D_0__Bacteria	D_1__Acidobacteria	D_2__Holophagae	D_3__Acanthopleuribacterales	D_4__Acanthopleuribacteraceae	D_5__Acanthopleuribacter	D_6__Acanthopleuribacter pedis
caeb2e033b71fa98d3d8407c11e14915	D_0__Bacteria	D_1__Proteobacteria	D_2__Deltaproteobacteria	D_3__Bdellovibrionales	D_4__Bacteriovoracaceae	D_5__Peredibacter	
b3497645b3b4497e9fa9d51208c0caa6	D_0__Bacteria	D_1__Bacteroidetes	D_2__Bacteroidia	D_3__Chitinophagales	D_4__Saprospiraceae		
026a3094160fd9af2664cb130a04046e	D_0__Bacteria	D_1__Proteobacteria	D_2__Deltaproteobacteria	D_3__Bdellovibrionales	D_4__Bdellovibrionaceae	D_5__OM27 clade	
ef0df02e9a2fab3e81768f460c53c780	D_0__Bacteria	D_1__Bacteroidetes	D_2__Bacteroidia	D_3__Chitinophagales			
1857d8042bd2a104435e82b2b0595e5a	D_0__Bacteria	D_1__Proteobacteria	D_2__Gammaproteobacteria	D_3__Cellvibrionales	D_4__Halieaceae		
0e1d230e0d69495267466132508f9361	D_0__Bacteria	D_1__Proteobacteria	D_2__Alphaproteobacteria	D_3__Caulobacterales	D_4__Hyphomonadaceae	D_5__Algimonas	
d4ff80d7eb5426795c8c2e894f7796f8	D_0__Bacteria	D_1__Bacteroidetes	D_2__Bacteroidia	D_3__Flavobacteriales	D_4__Cryomorphaceae		
8a45e0b7d52715cbb937eaa0aaebd098	D_0__Bacteria	D_1__Proteobacteria	D_2__Alphaproteobacteria	D_3__Rhodobacterales	D_4__Rhodobacteraceae		
9238ce13e0e4139f8a4372880e536bc8	D_0__Bacteria	D_1__Bacteroidetes	D_2__Bacteroidia	D_3__Flavobacteriales	D_4__Flavobacteriaceae	D_5__Winogradskyella	
1b49aa290721414c6f85361d4d5d24d4	D_0__Bacteria	D_1__Bacteroidetes	D_2__Bacteroidia	D_3__Cytophagales	D_4__Cyclobacteriaceae	D_5__Fulvivirga	D_6__uncultured Flexibacter sp.
ac3157af1e921ae067030f47ae86ceb8	D_0__Bacteria	D_1__Proteobacteria	D_2__Alphaproteobacteria	D_3__Rhodospirillales	D_4__Terasakiellaceae		
98ca03c7b7ba76e834676706856933df	D_0__Bacteria	D_1__Proteobacteria	D_2__Gammaproteobacteria	D_3__Alteromonadales	D_4__Alteromonadaceae	D_5__Aestuariibacter	
6707892336f64cfe5886e198a792873b	D_0__Bacteria	D_1__Proteobacteria	D_2__Alphaproteobacteria	D_3__Micavibrionales			
96b8b3d3f4be45703be059f7d28847da	D_0__Bacteria	D_1__Bacteroidetes	D_2__Bacteroidia	D_3__Chitinophagales	D_4__Chitinophagaceae	D_5__Sediminibacterium	
8decd7165ef30b3619fa53d3254488a2	D_0__Bacteria	D_1__Bacteroidetes	D_2__Bacteroidia	D_3__Chitinophagales	D_4__Saprospiraceae	D_5__Phaeodactylibacter	
8060610a468a1a63946b07ad3a8e8537	D_0__Bacteria	D_1__Proteobacteria	D_2__Alphaproteobacteria	D_3__Micavibrionales	D_4__Micavibrionaceae		
a3560679679380fbc62d17d61a3ce8c4	D_0__Bacteria	D_1__Proteobacteria	D_2__Gammaproteobacteria	D_3__Alteromonadales	D_4__Marinobacteraceae	D_5__Marinobacter	
c52c8697b6bd962b261582e3e7756791	D_0__Bacteria	D_1__Proteobacteria	D_2__Gammaproteobacteria	D_3__Alteromonadales	D_4__Alteromonadaceae	D_5__Aestuariibacter	
1f055be706628a74e9f9e48d1c91b62b	D_0__Bacteria	D_1__Proteobacteria	D_2__Gammaproteobacteria	D_3__Alteromonadales	D_4__Marinobacteraceae	D_5__Marinobacter	
0705be91bbde16afa3e8cbe50068472c	D_0__Bacteria	D_1__Proteobacteria	D_2__Gammaproteobacteria				
ad6dbafb92c27f6212d897ac569176e2	D_0__Bacteria	D_1__Proteobacteria	D_2__Alphaproteobacteria	D_3__Caulobacterales	D_4__Hyphomonadaceae	D_5__Oceanicaulis	
0ee3fd5b0ed7a3f38211189817afcdc0	D_0__Bacteria	D_1__Proteobacteria	D_2__Gammaproteobacteria	D_3__Oceanospirillales	D_4__Alcanivoracaceae	D_5__Alcanivorax	
4b3790272a59e9bcc056869a80332005	D_0__Bacteria	D_1__Proteobacteria	D_2__Alphaproteobacteria	D_3__Rhodospirillales	D_4__Thalassospiraceae	D_5__Thalassospira	
4ca5de1f267fa701c3d67deaf3118ad8	D_0__Bacteria	D_1__Proteobacteria	D_2__Alphaproteobacteria	D_3__Rhodospirillales	D_4__Terasakiellaceae		
284fdf2bd0470394cb34f8b7e7c0ac91	D_0__Bacteria	D_1__Proteobacteria	D_2__Gammaproteobacteria	D_3__Alteromonadales	D_4__Alteromonadaceae	D_5__Alteromonas	
893987589309e68208d95acbc34af4fb	D_0__Bacteria	D_1__Acidobacteria	D_2__Holophagae	D_3__Acanthopleuribacterales	D_4__Acanthopleuribacteraceae	D_5__Acanthopleuribacter	
cf63179f6eb172dc94cdfa2cb3a780c1	D_0__Bacteria	D_1__Firmicutes	D_2__Bacilli	D_3__Bacillales	D_4__Staphylococcaceae	D_5__Staphylococcus	
741efb4d61309e26f24aa026676f62a6	D_0__Bacteria	D_1__Planctomycetes	D_2__Phycisphaerae	D_3__Phycisphaerales	D_4__Phycisphaeraceae		
4b5a0888230a2f16586b9ef51b73ebcf	D_0__Bacteria	D_1__Bacteroidetes	D_2__Bacteroidia	D_3__Flavobacteriales	D_4__Flavobacteriaceae	D_5__Nonlabens	
88efc34ab768d8e0ea22cbf07ad7f01c	D_0__Bacteria	D_1__Proteobacteria	D_2__Gammaproteobacteria	D_3__Alteromonadales	D_4__Alteromonadaceae		
b322430d32964488d04e33a460ec881b	D_0__Bacteria	D_1__Bacteroidetes	D_2__Bacteroidia	D_3__Flavobacteriales	D_4__Flavobacteriaceae	D_5__Muricauda	
ae8a6381f4e78d50e3fad0e2faad8ea0	D_0__Bacteria	D_1__Proteobacteria	D_2__Gammaproteobacteria	D_3__Vibrionales	D_4__Vibrionaceae	D_5__Vibrio	
c5ca791fa9331edd54315f556bdf3691	D_0__Bacteria	D_1__Bacteroidetes	D_2__Bacteroidia	D_3__Chitinophagales	D_4__Chitinophagaceae	D_5__Hydrotalea	D_6__Hydrotalea sandarakina
86418e3c3cd8da71c12b3a025d6e82a7	D_0__Bacteria	D_1__Proteobacteria	D_2__Alphaproteobacteria	D_3__Rhizobiales	D_4__Hyphomicrobiaceae	D_5__Filomicrobium	
11f1af144b3c549c0ce437caf27f7bd6	D_0__Bacteria	D_1__Proteobacteria	D_2__Gammaproteobacteria	D_3__Alteromonadales	D_4__Pseudoalteromonadaceae	D_5__Pseudoalteromonas	
2a092ab4dd0a23438cfaee1127d6bc29	D_0__Bacteria	D_1__Chlamydiae	D_2__Chlamydiae	D_3__Chlamydiales	D_4__Simkaniaceae	D_5__Candidatus Rhabdochlamydia	
0fc85aac1e7f4a6de518d7dd44b72e9d	D_0__Bacteria	D_1__Proteobacteria	D_2__Alphaproteobacteria	D_3__Rhodospirillales	D_4__Terasakiellaceae		
60564bbe81885fc2eddabbe75eb3de6a	D_0__Bacteria	D_1__Proteobacteria	D_2__Deltaproteobacteria	D_3__Myxococcales	D_4__Nannocystaceae		
613a6844484c3b2f90d38399d2698624	D_0__Bacteria	D_1__Proteobacteria	D_2__Gammaproteobacteria	D_3__Vibrionales	D_4__Vibrionaceae	D_5__Vibrio	
829bf850d8d9a5f0b5a2c82b598f7c7f	D_0__Bacteria	D_1__Actinobacteria	D_2__Acidimicrobiia	D_3__Microtrichales	D_4__Microtrichaceae	D_5__Sva0996 marine group	
31226fcd1607a9546e1b4c055811ba21	D_0__Bacteria	D_1__Bacteroidetes	D_2__Bacteroidia	D_3__Flavobacteriales	D_4__Flavobacteriaceae	D_5__NS3a marine group	
d92c62a3cec60f35a6d6997b1e75150d	D_0__Bacteria	D_1__Actinobacteria	D_2__Acidimicrobiia	D_3__Microtrichales	D_4__Microtrichaceae	D_5__Sva0996 marine group	
c88e50dec056eb2e7c8e1c547b6f3252	D_0__Bacteria	D_1__Proteobacteria	D_2__Alphaproteobacteria	D_3__Rhodobacterales	D_4__Rhodobacteraceae	D_5__Profundibacterium	
04463c077785387a372e21b3b71602b5	D_0__Bacteria	D_1__Proteobacteria	D_2__Alphaproteobacteria	D_3__Micavibrionales	D_4__Micavibrionaceae		
c4a284a4802526b8d13df9402c91d32b	D_0__Bacteria	D_1__Bacteroidetes	D_2__Bacteroidia	D_3__Cytophagales	D_4__Cyclobacteriaceae		
9eee17f08d33b67a62e3ee0d5e633918	D_0__Bacteria	D_1__Proteobacteria	D_2__Deltaproteobacteria	D_3__PB19			
64327a21fdd074ef4ab5274a8c1aed27	D_0__Bacteria	D_1__Proteobacteria	D_2__Alphaproteobacteria	D_3__Rhodospirillales	D_4__Terasakiellaceae		
7b09bc624749198b26138107d91b50d8	D_0__Bacteria	D_1__Proteobacteria	D_2__Alphaproteobacteria				
6f7110e5747b918bc2da639ab4bb8c0d	D_0__Bacteria	D_1__Bacteroidetes	D_2__Bacteroidia	D_3__Cytophagales	D_4__Cyclobacteriaceae	D_5__Marinoscillum	
b51021695644a82911718bc115ee3aaa	D_0__Bacteria	D_1__Proteobacteria	D_2__Alphaproteobacteria	D_3__Rhizobiales	D_4__Rhizobiaceae		
6ac762d66c0046746a57c9ec0eb02e29	D_0__Bacteria	D_1__Proteobacteria	D_2__Deltaproteobacteria	D_3__Bdellovibrionales	D_4__Bdellovibrionaceae	D_5__Bdellovibrio	
e5d9947be723f7bb7a3535de01240b67	D_0__Bacteria	D_1__Proteobacteria	D_2__Gammaproteobacteria	D_3__Alteromonadales	D_4__Colwelliaceae	D_5__Thalassotalea	
9e17939d81996efda3489204b13b510c	D_0__Bacteria	D_1__Bacteroidetes	D_2__Bacteroidia	D_3__Flavobacteriales	D_4__Flavobacteriaceae	D_5__Gilvibacter	
1fec16f605a3f8bb54b69d4727ce2089	D_0__Bacteria	D_1__Actinobacteria	D_2__Acidimicrobiia	D_3__Microtrichales	D_4__Ilumatobacteraceae	D_5__Ilumatobacter	
1733138eb92e7a9833a0a5c43f52b18a	D_0__Bacteria	D_1__Proteobacteria	D_2__Gammaproteobacteria	D_3__Alteromonadales	D_4__Colwelliaceae	D_5__Thalassotalea	
8cfd4109f4544d86cf6dc16617a78977	D_0__Bacteria	D_1__Proteobacteria	D_2__Alphaproteobacteria	D_3__Rhodobacterales	D_4__Rhodobacteraceae		
4cf05c2c773187a18f17016856d1d3c6	D_0__Bacteria	D_1__Proteobacteria	D_2__Gammaproteobacteria	D_3__Coxiellales	D_4__Coxiellaceae	D_5__Coxiella	
c9369e8c42d282eafbddd43e014f9a45	D_0__Bacteria	D_1__Proteobacteria	D_2__Alphaproteobacteria	D_3__Rhodovibrionales	D_4__Kiloniellaceae	D_5__Kiloniella	
4e74e2a99da77e7dc5bb114af0d28c13	D_0__Bacteria	D_1__Proteobacteria	D_2__Alphaproteobacteria	D_3__Caulobacterales	D_4__Caulobacteraceae		
1bdfe45342980d5ac6b03896f002c5f9	D_0__Bacteria	D_1__Proteobacteria	D_2__Deltaproteobacteria	D_3__Myxococcales	D_4__Nannocystaceae		
df3af866cf71556634af6da98036ca90	D_0__Bacteria	D_1__Bacteroidetes	D_2__Bacteroidia	D_3__Cytophagales	D_4__Cyclobacteriaceae	D_5__Ekhidna	
f8e4a3e6416f4482485f1a7ee43ca3c9	D_0__Bacteria	D_1__Proteobacteria	D_2__Deltaproteobacteria	D_3__Bdellovibrionales	D_4__Bdellovibrionaceae	D_5__OM27 clade	
5912dd566dffcc86d12c718dd15c9901	D_0__Bacteria	D_1__Proteobacteria	D_2__Gammaproteobacteria	D_3__Alteromonadales	D_4__Colwelliaceae	D_5__Thalassotalea	
a59fab75ea4d14b7a714afdc1200eeb7	D_0__Bacteria	D_1__Proteobacteria	D_2__Gammaproteobacteria				
96a30604bc047c62c1038756a2408ead	D_0__Bacteria	D_1__Proteobacteria	D_2__Gammaproteobacteria	D_3__Alteromonadales	D_4__Alteromonadaceae	D_5__Aestuariibacter	
c1f062fb0d7b61f306a66be3ea3e2e6f	D_0__Bacteria	D_1__Proteobacteria	D_2__Gammaproteobacteria	D_3__KI89A clade			
b4ccdb4a6a73d2d0d995e0b06a58d641	D_0__Bacteria	D_1__Proteobacteria	D_2__Gammaproteobacteria	D_3__Pseudomonadales	D_4__Pseudomonadaceae	D_5__Pseudomonas	
8c693ff81d19fd665a64360c303cd479	D_0__Bacteria	D_1__Proteobacteria	D_2__Gammaproteobacteria	D_3__Betaproteobacteriales	D_4__Burkholderiaceae	D_5__Diaphorobacter	
9bc092de80795478e92657641bbaa122	D_0__Bacteria	D_1__Proteobacteria	D_2__Gammaproteobacteria				
76e69cc93407dd5c8a9f975bd0ee59c0	D_0__Bacteria	D_1__Proteobacteria	D_2__Gammaproteobacteria	D_3__Tenderiales	D_4__Tenderiaceae	D_5__Candidatus Tenderia	
b873e2345c810ee694c30e98396ac064	D_0__Bacteria	D_1__Proteobacteria	D_2__Alphaproteobacteria	D_3__Rickettsiales	D_4__Rickettsiaceae		
5d1ac94d438e579834550e3652b1437c	D_0__Bacteria	D_1__Proteobacteria	D_2__Alphaproteobacteria	D_3__Rhodobacterales	D_4__Rhodobacteraceae	D_5__Nioella	
0c056630ac256b98984501832a64d9bd	D_0__Bacteria	D_1__Proteobacteria	D_2__Alphaproteobacteria	D_3__Rhodospirillales	D_4__Terasakiellaceae		
451a9e9b879e836601850fe0340ca3d6	D_0__Bacteria	D_1__Proteobacteria	D_2__Alphaproteobacteria	D_3__Thalassobaculales	D_4__Thalassobaculaceae	D_5__Thalassobaculum	
9aebe662a2f3fa53a53d1a692d576e8e	D_0__Bacteria	D_1__Bacteroidetes	D_2__Bacteroidia	D_3__Flavobacteriales	D_4__Flavobacteriaceae	D_5__Maribacter	
ee0ee459af27c9782ac9e50ceb6464b2	D_0__Bacteria	D_1__Bacteroidetes	D_2__Bacteroidia	D_3__Flavobacteriales	D_4__Cryomorphaceae		
6b012c2aace69e17f3b4e1e09c5b6ecb	D_0__Bacteria	D_1__Proteobacteria	D_2__Alphaproteobacteria	D_3__Rhizobiales	D_4__Stappiaceae	D_5__Labrenzia	
7df2b7929b4c30bab534e2501f4d1c7d	D_0__Bacteria	D_1__Proteobacteria	D_2__Gammaproteobacteria	D_3__Oceanospirillales	D_4__Litoricolaceae	D_5__Litoricola	
6e5b3b5fa1f9627c6cfc0279b7d8b071	D_0__Bacteria	D_1__Proteobacteria	D_2__Alphaproteobacteria	D_3__Rhizobiales	D_4__Rhizobiaceae	D_5__Lentilitoribacter	
574cc33e4af8a02ecb304671aa141054	D_0__Bacteria	D_1__Bacteroidetes	D_2__Bacteroidia	D_3__Chitinophagales	D_4__Saprospiraceae	D_5__Lewinella	D_6__Lewinella nigricans
3ba76242934ee35bd18460f6cd0d065c	D_0__Bacteria	D_1__Proteobacteria	D_2__Alphaproteobacteria				
a13c9e1bf262f3cb4881d2a59b0eaa54	D_0__Bacteria	D_1__Acidobacteria	D_2__Thermoanaerobaculia	D_3__Thermoanaerobaculales	D_4__Thermoanaerobaculaceae	D_5__Subgroup 10	
e7a81ef9c7000a2d4bc89378150689e1	D_0__Bacteria	D_1__Proteobacteria	D_2__Alphaproteobacteria	D_3__Rhodobacterales	D_4__Rhodobacteraceae		
c45db55927c575695ebf7692495d0ec4	D_0__Bacteria	D_1__Proteobacteria	D_2__Alphaproteobacteria	D_3__Sphingomonadales	D_4__Sphingomonadaceae	D_5__Sphingomonas	
d850926526c32487f1b1279207362ea8	D_0__Bacteria	D_1__Proteobacteria	D_2__Gammaproteobacteria	D_3__Gammaproteobacteria Incertae Sedis			
3e1f1393ae7998460e45ddc5b8ca0c48	D_0__Bacteria	D_1__Proteobacteria	D_2__Gammaproteobacteria	D_3__Thiohalorhabdales	D_4__Thiohalorhabdaceae		
fb7b89b3bfcade882873ef47d423f472	D_0__Bacteria	D_1__Proteobacteria	D_2__Deltaproteobacteria	D_3__Bdellovibrionales	D_4__Bacteriovoracaceae	D_5__Peredibacter	
cf77d06c40fa9994c61d327ed719c72a	D_0__Bacteria	D_1__Proteobacteria	D_2__Alphaproteobacteria	D_3__Sphingomonadales	D_4__Sphingomonadaceae	D_5__Sphingomonas	D_6__Sphingomonas paucimobilis
046419b76413d9db93e258bc2f9e18e6	D_0__Bacteria	D_1__Proteobacteria	D_2__Alphaproteobacteria	D_3__Rhizobiales	D_4__Devosiaceae	D_5__Maritalea	D_6__Maritalea porphyrae
2ef9aa98643675a6601bfe5cf7e0ac84	D_0__Bacteria	D_1__Proteobacteria	D_2__Deltaproteobacteria	D_3__PB19			
b4463e0d2d8400b11726aaf04df0fda6	D_0__Bacteria	D_1__Proteobacteria	D_2__Alphaproteobacteria	D_3__Rickettsiales	D_4__Rickettsiaceae	D_5__Candidatus Megaira	
cd979c5fe525028480b8b21a3b6f7fde	D_0__Bacteria	D_1__Proteobacteria	D_2__Alphaproteobacteria	D_3__Micavibrionales	D_4__Micavibrionaceae		
206082980b2b4e605d4b2f4b2f2db660	D_0__Bacteria	D_1__Proteobacteria	D_2__Alphaproteobacteria	D_3__Rhodospirillales	D_4__Terasakiellaceae		
e3ccd523726e70180b65ce7877290c7b	D_0__Bacteria	D_1__Proteobacteria	D_2__Alphaproteobacteria	D_3__Rhodobacterales	D_4__Rhodobacteraceae		
962ddc66edda3b1b229d818c1c732b19	D_0__Bacteria	D_1__Proteobacteria	D_2__Alphaproteobacteria	D_3__Rhodobacterales	D_4__Rhodobacteraceae	D_5__Paracoccus	
96f9b7496107a71a25874c4e76405bb9	D_0__Bacteria	D_1__Proteobacteria	D_2__Alphaproteobacteria	D_3__Rhodospirillales	D_4__Terasakiellaceae		
230f5c2f0772a4317b5a8b25d43744c1	D_0__Bacteria	D_1__Proteobacteria	D_2__Alphaproteobacteria	D_3__Rhizobiales	D_4__Rhizobiaceae		
2563baa427127d02df5449a7b759518d	D_0__Bacteria	D_1__Proteobacteria	D_2__Alphaproteobacteria	D_3__Rickettsiales	D_4__Midichloriaceae	D_5__MD3-55	
b5aa69734e3ea9fe7bc1ceeda46307c5	D_0__Bacteria	D_1__Actinobacteria	D_2__Actinobacteria	D_3__Corynebacteriales	D_4__Corynebacteriaceae	D_5__Lawsonella	
4de9603fab9e166178d3f176db87ed30	D_0__Bacteria	D_1__Proteobacteria	D_2__Alphaproteobacteria	D_3__Rhodobacterales	D_4__Rhodobacteraceae		
e77518ba18b0c943d625090a3876f9d3	D_0__Bacteria	D_1__Proteobacteria	D_2__Alphaproteobacteria	D_3__Rickettsiales	D_4__Mitochondria		
4ed95b1bff9a9d58cf5418f5a81255cf	D_0__Bacteria	D_1__Proteobacteria	D_2__Alphaproteobacteria	D_3__Rhodospirillales	D_4__Thalassospiraceae	D_5__Thalassospira	
7a62f4778f015c543873623f750615a1	D_0__Bacteria	D_1__Firmicutes	D_2__Bacilli	D_3__Bacillales	D_4__Bacillaceae	D_5__Bacillus	
c1c61b42334cbb3cab73a1c4398890b2	D_0__Bacteria	D_1__Proteobacteria	D_2__Alphaproteobacteria	D_3__Rhodobacterales	D_4__Rhodobacteraceae	D_5__Loktanella	D_6__Loktanella pyoseonensis
e9813e0cafba8b1a7e6a6a4fdf5ad7dd	D_0__Bacteria	D_1__Proteobacteria	D_2__Alphaproteobacteria	D_3__Rhodospirillales	D_4__Terasakiellaceae	D_5__Aestuariispira	D_6__Aestuariispira insulae
d94316b6d98d227a9fe3710b6a183dc5	D_0__Bacteria	D_1__Bacteroidetes	D_2__Bacteroidia	D_3__Chitinophagales	D_4__Saprospiraceae		D_6__Saccharina japonica
fbd0678581bb0454f7fcfeca7cadd288	D_0__Bacteria	D_1__Proteobacteria	D_2__Alphaproteobacteria	D_3__Rhizobiales	D_4__Beijerinckiaceae	D_5__Methylobacterium	D_6__Methylobacterium aquaticum
9a728a77980630504422449d3142b393	D_0__Bacteria	D_1__Bacteroidetes	D_2__Bacteroidia	D_3__Chitinophagales	D_4__Saprospiraceae		
b6289c8879c45d87444103aaaa845669	D_0__Bacteria	D_1__Proteobacteria	D_2__Alphaproteobacteria	D_3__Sphingomonadales	D_4__Sphingomonadaceae	D_5__Erythrobacter	
7a0a56bfe86462d8401257b6502fd4dd	D_0__Bacteria	D_1__Bacteroidetes	D_2__Bacteroidia	D_3__Chitinophagales	D_4__Saprospiraceae		D_6__Saccharina japonica
07446c687e54e7821ac13a6e53f28610	D_0__Bacteria	D_1__Proteobacteria	D_2__Alphaproteobacteria	D_3__Rhodobacterales	D_4__Rhodobacteraceae		
5eea17e793b081eefa9ce6e86a408317	D_0__Bacteria	D_1__Proteobacteria	D_2__Alphaproteobacteria	D_3__Rhizobiales	D_4__Rhizobiaceae		
19bc0ddaba91e8b508a4ef34a019088b	D_0__Bacteria	D_1__Actinobacteria	D_2__Actinobacteria	D_3__Micrococcales	D_4__Dermacoccaceae	D_5__Dermacoccus	
ddb56ceab2c7090fab48d67c08912c7b	D_0__Bacteria	D_1__Bacteroidetes	D_2__Bacteroidia	D_3__Cytophagales	D_4__Flammeovirgaceae	D_5__Flexithrix	
71df4ac3e58958b788c4f2ce6dceecd1	D_0__Bacteria	D_1__Planctomycetes	D_2__Planctomycetacia	D_3__Pirellulales	D_4__Pirellulaceae	D_5__Rhodopirellula	
4401929455d4107c9efa4ccb009f14b7	D_0__Bacteria	D_1__Proteobacteria	D_2__Alphaproteobacteria				
77972cd35884d5c610062f44d668e9fb	D_0__Bacteria	D_1__Proteobacteria	D_2__Gammaproteobacteria	D_3__Francisellales	D_4__Francisellaceae	D_5__Francisella	
534bb6a44e71f12d661d99326c33d68a	D_0__Bacteria	D_1__Proteobacteria	D_2__Gammaproteobacteria	D_3__Ectothiorhodospirales	D_4__Thioalkalispiraceae	D_5__SS1-B-09-64	
cffd4c859b8f35bd5109e61f1b9ce098	D_0__Bacteria	D_1__Proteobacteria	D_2__Alphaproteobacteria	D_3__Rhizobiales	D_4__Devosiaceae	D_5__Maritalea	D_6__Maritalea sp. ZJ6105
101b85a7d95b91db64e34397740751d4	D_0__Bacteria						
777c3d4e0f20a684db1260b09f52b947	D_0__Bacteria	D_1__Firmicutes	D_2__Bacilli	D_3__Bacillales	D_4__Paenibacillaceae	D_5__Paenibacillus	D_6__Paenibacillus humicus
7b42b84591054b79a5e15421a905077e	D_0__Bacteria	D_1__Chlamydiae	D_2__Chlamydiae	D_3__Chlamydiales	D_4__Chlamydiaceae		
970f530de3c2fd98fc2fbcd9c548d298	D_0__Bacteria	D_1__Proteobacteria	D_2__Alphaproteobacteria	D_3__Rhodobacterales	D_4__Rhodobacteraceae	D_5__Roseivivax	D_6__Roseivivax marinus
dd56410c0fff1700e747a61dfd197665	D_0__Bacteria	D_1__Proteobacteria	D_2__Alphaproteobacteria	D_3__Micavibrionales	D_4__Micavibrionaceae		
2f9adcf29b2bc9eabc3cbde90721d68c	D_0__Bacteria	D_1__Bacteroidetes	D_2__Bacteroidia	D_3__Flavobacteriales	D_4__Crocinitomicaceae	D_5__Crocinitomix	
063662c985f2ba53e84a3f7a5b699254	D_0__Bacteria	D_1__Proteobacteria	D_2__Gammaproteobacteria	D_3__Diplorickettsiales	D_4__Diplorickettsiaceae		
c1bb0e04fd6d78b5d6c142cbd1754e68	D_0__Bacteria	D_1__Bacteroidetes	D_2__Bacteroidia	D_3__Flavobacteriales	D_4__Cryomorphaceae		
7f024cae7dae18cc0f1dc7e0f1d8b127	D_0__Bacteria	D_1__Chlamydiae	D_2__Chlamydiae	D_3__Chlamydiales	D_4__Criblamydiaceae		
e425905b16368bd9059e1c961409636e	D_0__Bacteria	D_1__Proteobacteria	D_2__Gammaproteobacteria				
df0747875384374f7b53da54aebf8737	D_0__Bacteria	D_1__Proteobacteria	D_2__Alphaproteobacteria	D_3__Rhizobiales	D_4__Rhizobiaceae		
de17aca579f8e4c957f2192d4334c89b	D_0__Bacteria	D_1__Proteobacteria	D_2__Alphaproteobacteria	D_3__Rhodospirillales	D_4__Magnetospiraceae		
3cf1c3677b74a3ab095f77b115f0ec14	D_0__Bacteria	D_1__Proteobacteria	D_2__Alphaproteobacteria	D_3__Rickettsiales	D_4__SM2D12		
caf7d91df227a700379a297185e0d1fb	D_0__Bacteria	D_1__Proteobacteria	D_2__Alphaproteobacteria	D_3__Rhizobiales	D_4__Rhizobiaceae		
b6e78b759d9a90ca8e6cac09ef650ae5	D_0__Bacteria	D_1__Firmicutes	D_2__Bacilli	D_3__Lactobacillales	D_4__Carnobacteriaceae	D_5__Granulicatella	
b65d855803ec1a51fcfca6f14ce34f6c	D_0__Bacteria	D_1__Proteobacteria	D_2__Deltaproteobacteria				
fc88bb9a4a9426a7ca863ca1e6239234	D_0__Bacteria	D_1__Proteobacteria	D_2__Alphaproteobacteria	D_3__Sphingomonadales	D_4__Sphingomonadaceae	D_5__Sphingomonas	
e97823023d5af2cede0fbfef255d7eda	D_0__Bacteria	D_1__Proteobacteria	D_2__Alphaproteobacteria	D_3__Caulobacterales	D_4__Hyphomonadaceae	D_5__Hyphomonas	
1b943eaecd088e14a1d627a51914a471	D_0__Bacteria	D_1__Actinobacteria	D_2__Actinobacteria	D_3__Propionibacteriales	D_4__Propionibacteriaceae	D_5__Cutibacterium	
6e49f8241a722f3397e1bea4c0d54471	D_0__Bacteria	D_1__Proteobacteria	D_2__Alphaproteobacteria				
4cf99e88bbe1ddc5977a7c603940eeec	D_0__Bacteria	D_1__Proteobacteria	D_2__Deltaproteobacteria	D_3__PB19			
9b76ec08162c5cc6ff9f43e823de6211	D_0__Bacteria	D_1__Proteobacteria	D_2__Alphaproteobacteria	D_3__Rhodospirillales	D_4__Magnetospiraceae	D_5__Magnetospira	
5ff3e42a4964c3176b6c22afe885e0cb	D_0__Bacteria	D_1__Firmicutes	D_2__Bacilli	D_3__Lactobacillales	D_4__Lactobacillaceae	D_5__Lactobacillus	
1bea5ccf2dcc065f874e28f58b0a0c65	D_0__Bacteria	D_1__Proteobacteria	D_2__Alphaproteobacteria	D_3__Micavibrionales	D_4__Micavibrionaceae		
0ae23b19ed2134869ab1dbfdb6270834	D_0__Bacteria						
0e87b0813b11d400bfefd4b14f30dc8a	D_0__Bacteria	D_1__Planctomycetes	D_2__Planctomycetacia	D_3__Pirellulales	D_4__Pirellulaceae	D_5__Pir4 lineage	
3f0349a687bdc04f0e1526efc8add17e	D_0__Bacteria	D_1__Proteobacteria	D_2__Alphaproteobacteria	D_3__Caulobacterales	D_4__Hyphomonadaceae	D_5__Maricaulis	
d4ed5422097804cc35164bf4b38c3f46	D_0__Bacteria	D_1__Proteobacteria	D_2__Alphaproteobacteria	D_3__NRL2			
876826f3480f487da8c7c723faf6c719	D_0__Bacteria	D_1__Proteobacteria	D_2__Alphaproteobacteria	D_3__Rhodobacterales	D_4__Rhodobacteraceae	D_5__Ruegeria	
4b9e90e95af1f659c5c844336294c895	D_0__Bacteria	D_1__Bacteroidetes	D_2__Bacteroidia	D_3__Cytophagales	D_4__Cyclobacteriaceae	D_5__Reichenbachiella	
6ec28eb6534d35e11b82cda18d52c92d	D_0__Bacteria	D_1__Proteobacteria	D_2__Gammaproteobacteria				
b550ebfd6bef3c85e4b8aeff418f94ea	D_0__Bacteria	D_1__Bacteroidetes	D_2__Bacteroidia	D_3__Chitinophagales	D_4__Saprospiraceae		
5cca48d970b3f35202410f6160eb087a	D_0__Bacteria	D_1__Proteobacteria	D_2__Alphaproteobacteria	D_3__Rhodospirillales	D_4__Magnetospiraceae		
a183381b5716eacee89bada90f967a0d	D_0__Bacteria	D_1__Bacteroidetes	D_2__Bacteroidia	D_3__Flavobacteriales	D_4__Cryomorphaceae		
21933337955353b2bd7c994c7b0cad34	D_0__Bacteria	D_1__Bacteroidetes	D_2__Bacteroidia	D_3__Flavobacteriales	D_4__Cryomorphaceae		
84a9a30a30af9d0b4fb0f6227c87bc51	D_0__Bacteria	D_1__Proteobacteria	D_2__Deltaproteobacteria	D_3__Myxococcales	D_4__Blfdi19		
26a930ff8d7ae487ae9b3beaf07b53ca	D_0__Bacteria	D_1__Proteobacteria	D_2__Gammaproteobacteria	D_3__Vibrionales	D_4__Vibrionaceae	D_5__Vibrio	
18dc0f205ea1bd411d38d4da7c881750	D_0__Bacteria	D_1__Proteobacteria	D_2__Gammaproteobacteria	D_3__Xanthomonadales	D_4__Xanthomonadaceae	D_5__Stenotrophomonas	
8fb50bdde508264892674f1dc073a436	D_0__Bacteria	D_1__Proteobacteria	D_2__Gammaproteobacteria	D_3__Betaproteobacteriales	D_4__Burkholderiaceae	D_5__Comamonas	D_6__Comamonas denitrificans
6541c8195b9a827da2871375b9eec820	D_0__Bacteria	D_1__Proteobacteria	D_2__Deltaproteobacteria	D_3__Bradymonadales			
f44015dd45e09a3a6e0c4248b42487c2	D_0__Bacteria	D_1__Proteobacteria	D_2__Gammaproteobacteria	D_3__Cellvibrionales			
7eb2bc98c0e2abf1ca012b20323500e9	D_0__Bacteria	D_1__Firmicutes	D_2__Bacilli	D_3__Bacillales	D_4__Family XII	D_5__Exiguobacterium	
a49d0485227f9170fda7e1409cb2c3cd	D_0__Bacteria	D_1__Bacteroidetes	D_2__Bacteroidia	D_3__Chitinophagales	D_4__Saprospiraceae	D_5__Phaeodactylibacter	
c45d52b4cd2022b16b5e4bd5dcd774ad	D_0__Bacteria	D_1__Proteobacteria	D_2__Gammaproteobacteria	D_3__Incertae Sedis			
d30f7b92187d464625cfd47c5b454dab	D_0__Bacteria	D_1__Proteobacteria	D_2__Alphaproteobacteria	D_3__Rickettsiales	D_4__Rickettsiaceae		
77b0e2b224d38acb5adc45a8130f55e9	D_0__Bacteria	D_1__Proteobacteria	D_2__Alphaproteobacteria	D_3__Micavibrionales			
102a9a41c9b0b45c7c450dce09baf39c	D_0__Bacteria	D_1__Actinobacteria	D_2__Actinobacteria	D_3__Micrococcales	D_4__Micrococcaceae	D_5__Kocuria	
6a480d30d50b97b67a5ad3e8f48ee7d5	D_0__Bacteria	D_1__Proteobacteria	D_2__Gammaproteobacteria	D_3__Nitrosococcales	D_4__Methylophagaceae	D_5__Methylophaga	
435f99cfb4248f976445bf7a28ba0cb8	D_0__Bacteria	D_1__Proteobacteria	D_2__Deltaproteobacteria	D_3__Bdellovibrionales	D_4__Bdellovibrionaceae	D_5__Bdellovibrio	
b6a7348c601745ee20d78d31ff026726	D_0__Bacteria	D_1__Proteobacteria	D_2__Alphaproteobacteria	D_3__Rhodobacterales	D_4__Rhodobacteraceae	D_5__Roseovarius	D_6__Roseovarius atlanticus
6ed2b0b5a1e3e9de62608d2feb43b790	D_0__Bacteria	D_1__Proteobacteria	D_2__Deltaproteobacteria	D_3__Bdellovibrionales	D_4__Bdellovibrionaceae	D_5__OM27 clade	
43332b617e545d6e53874f43424fbfd4	D_0__Bacteria	D_1__Proteobacteria	D_2__Gammaproteobacteria	D_3__Pseudomonadales	D_4__Moraxellaceae	D_5__Enhydrobacter	
f67f2934123e473cfbca434b34dd960f	D_0__Bacteria	D_1__Proteobacteria	D_2__Alphaproteobacteria				
fbac50cbc7aa5c66be8a752de534a2a1	D_0__Bacteria	D_1__Proteobacteria	D_2__Alphaproteobacteria	D_3__Rickettsiales	D_4__Rickettsiaceae	D_5__Candidatus Megaira	
db0e0a2359454f3c377451ca51ce299c	D_0__Bacteria	D_1__Actinobacteria	D_2__Actinobacteria	D_3__Corynebacteriales	D_4__Corynebacteriaceae	D_5__Corynebacterium 1	
a88422d6c27e5cb3f1c8a577ea10f7f6	D_0__Bacteria	D_1__Firmicutes	D_2__Bacilli	D_3__Lactobacillales	D_4__Streptococcaceae	D_5__Streptococcus	
e7627802c24616be387b8ba99e367dc0	D_0__Bacteria	D_1__Proteobacteria	D_2__Alphaproteobacteria	D_3__Thalassobaculales	D_4__Thalassobaculaceae	D_5__Thalassobaculum	
6d74940ef9190fccf501134156ac7f98	D_0__Bacteria	D_1__Actinobacteria	D_2__Actinobacteria	D_3__Corynebacteriales	D_4__Corynebacteriaceae	D_5__Corynebacterium 1	
e332e718556395ac2d1fd24594b998a9	D_0__Bacteria	D_1__Proteobacteria	D_2__Gammaproteobacteria	D_3__Coxiellales	D_4__Coxiellaceae	D_5__Coxiella	
8c7d9b2e2bccc4eb3aa575c964e27158	D_0__Bacteria	D_1__Actinobacteria	D_2__Actinobacteria	D_3__Corynebacteriales	D_4__Corynebacteriaceae		
68ab9ec7b1e08e1abe20dd457f2ac931	D_0__Bacteria	D_1__Proteobacteria	D_2__Deltaproteobacteria	D_3__Bdellovibrionales	D_4__Bacteriovoracaceae	D_5__Peredibacter	
2f1eae83620e85e9ba001febdc0352e6	D_0__Bacteria	D_1__Proteobacteria	D_2__Deltaproteobacteria	D_3__Bdellovibrionales	D_4__Bdellovibrionaceae	D_5__OM27 clade	
cfb70479c336df5e9e6e0f0c4c4ebc5a	D_0__Bacteria	D_1__Bacteroidetes	D_2__Bacteroidia	D_3__Flavobacteriales	D_4__Weeksellaceae	D_5__Elizabethkingia	D_6__Elizabethkingia meningoseptica
51c375d206cafd280eb50de0fca53a40	D_0__Bacteria	D_1__Planctomycetes	D_2__OM190	D_3__uncultured Planctomycetaceae			
8358a4d1037812507d83465dc3a8b691	D_0__Bacteria	D_1__Proteobacteria	D_2__Deltaproteobacteria	D_3__Myxococcales	D_4__P3OB-42		
049dcad56eb849d112e6d98943dd35c9	D_0__Bacteria	D_1__Proteobacteria	D_2__Gammaproteobacteria	D_3__Betaproteobacteriales	D_4__Burkholderiaceae	D_5__Comamonas	D_6__Comamonas
593175b6dcc0909572f9743e2fbfdaae	D_0__Bacteria	D_1__Proteobacteria	D_2__Gammaproteobacteria	D_3__Betaproteobacteriales	D_4__Rhodocyclaceae	D_5__Zoogloea	
3602956f6d798ebbfc8ddcdb30be49e4	D_0__Bacteria	D_1__Proteobacteria	D_2__Gammaproteobacteria	D_3__Cellvibrionales	D_4__BD2-7		
ceab1fd2174beba32e93cb915012e115	D_0__Bacteria	D_1__Proteobacteria	D_2__Gammaproteobacteria	D_3__Betaproteobacteriales	D_4__Burkholderiaceae	D_5__Massilia	
671c3e66ba255fc3135a49a6e6950542	D_0__Bacteria	D_1__Bacteroidetes	D_2__Bacteroidia	D_3__Cytophagales	D_4__Hymenobacteraceae	D_5__Hymenobacter	
1e947c405f8ed208bac5218cc7246ef3	D_0__Bacteria	D_1__Bacteroidetes	D_2__Bacteroidia	D_3__Flavobacteriales	D_4__Cryomorphaceae		
5e18fd0fd6e0d01bdb7960e7b02b79e1	D_0__Bacteria	D_1__Cyanobacteria	D_2__Oxyphotobacteria	D_3__Chloroplast	D_4__Exanthemachrysis gayraliae	D_5__Exanthemachrysis gayraliae	D_6__Exanthemachrysis gayraliae
f6e728b007115ddcc70dc631723254e6	D_0__Bacteria	D_1__Proteobacteria	D_2__Alphaproteobacteria	D_3__Thalassobaculales	D_4__Nisaeaceae	D_5__Nisaea	
eed6ed8abc419dfa59aed7018e5104b1	D_0__Bacteria	D_1__Actinobacteria	D_2__Acidimicrobiia	D_3__Microtrichales	D_4__Microtrichaceae	D_5__Sva0996 marine group	
51d253bf68316060be4f05194b7dae81	D_0__Bacteria	D_1__Proteobacteria	D_2__Gammaproteobacteria	D_3__OM182 clade			
f380e6f4c11cc284c9a0072f92d57777	D_0__Bacteria	D_1__Actinobacteria	D_2__Actinobacteria	D_3__Micrococcales	D_4__Micrococcaceae	D_5__Micrococcus	
579c0435b7480d10a84050699ec2e7fb	D_0__Bacteria	D_1__Proteobacteria	D_2__Gammaproteobacteria	D_3__Ga0077536			
de7063f095280ecd5a69eb6789922cd2	D_0__Bacteria	D_1__Bacteroidetes	D_2__Bacteroidia	D_3__Cytophagales	D_4__Cyclobacteriaceae	D_5__Fulvivirga	
7fe77472482b3a550b77188e1c68c155	D_0__Bacteria	D_1__Proteobacteria	D_2__Alphaproteobacteria	D_3__Rhizobiales	D_4__Xanthobacteraceae	D_5__Bradyrhizobium	
616612cb413106398e6448fc855a0680	D_0__Bacteria	D_1__Bacteroidetes	D_2__Bacteroidia	D_3__Flavobacteriales	D_4__Weeksellaceae	D_5__Bergeyella	
d20caf2c536b151644d2f52f4401998f	D_0__Bacteria	D_1__Proteobacteria	D_2__Gammaproteobacteria	D_3__KI89A clade			
d6e9c6211d0c93167e8e5c4d32582dd8	D_0__Bacteria	D_1__Firmicutes	D_2__Bacilli	D_3__Lactobacillales	D_4__Carnobacteriaceae	D_5__Atopostipes	
c20973acfad5e95c24367230e1895e4c	D_0__Bacteria	D_1__Bacteroidetes	D_2__Bacteroidia	D_3__Bacteroidales	D_4__Prevotellaceae	D_5__Prevotella	D_6__Chlamydia trachomatis
4d9328515956b0a2e67101c496cd7d3f	D_0__Bacteria	D_1__Proteobacteria	D_2__Alphaproteobacteria	D_3__Rickettsiales	D_4__Midichloriaceae	D_5__Candidatus Jidaibacter	
37e2e96eab0d08262fe4d10eb9a89ade	D_0__Bacteria	D_1__Proteobacteria	D_2__Gammaproteobacteria	D_3__F9P41300-M23			
5049b327729a4b30c12afe5412f8faa2	D_0__Bacteria	D_1__Proteobacteria	D_2__Deltaproteobacteria				
f6c6e74a795587167557b027d671a406	D_0__Bacteria	D_1__Actinobacteria	D_2__Actinobacteria	D_3__Corynebacteriales	D_4__Corynebacteriaceae	D_5__Turicella	
fbdbff40817ccabee67dc354ae74668b	D_0__Bacteria	D_1__Proteobacteria	D_2__Gammaproteobacteria				
38b2183177aaea26a40c90855a6f6521	D_0__Bacteria	D_1__Proteobacteria	D_2__Alphaproteobacteria	D_3__Rhodospirillales	D_4__Magnetospiraceae		
c5a869cf971617feb7dffe8fbc1fc900	D_0__Bacteria	D_1__Bacteroidetes	D_2__Bacteroidia	D_3__Cytophagales	D_4__Hymenobacteraceae	D_5__Adhaeribacter	
782fe22a137987b6998cc823fa7175a4	D_0__Bacteria	D_1__Proteobacteria	D_2__Deltaproteobacteria	D_3__Bradymonadales			
39d0ab69b4a22535fac15b117f8491f1	D_0__Bacteria	D_1__Bacteroidetes	D_2__Bacteroidia	D_3__Cytophagales	D_4__Amoebophilaceae	D_5__Candidatus Amoebophilus	D_6__Diplonema papillatum
e6adc86b0ce6d014fd258412ef2eae77	D_0__Bacteria	D_1__Firmicutes	D_2__Bacilli	D_3__Bacillales	D_4__Staphylococcaceae	D_5__Staphylococcus	
c00414e56a2ed1d53a90d37d719e1ca2	D_0__Bacteria	D_1__Proteobacteria	D_2__Gammaproteobacteria	D_3__Arenicellales	D_4__Arenicellaceae	D_5__Arenicella	
ec90c9aefcc290cf8194d218a13d7ea2	D_0__Bacteria	D_1__Proteobacteria	D_2__Deltaproteobacteria	D_3__Bdellovibrionales	D_4__Bdellovibrionaceae	D_5__OM27 clade	
52ef078d35c8cdc45cc346914276e223	D_0__Bacteria	D_1__Proteobacteria	D_2__Gammaproteobacteria	D_3__Cellvibrionales	D_4__Cellvibrionaceae	D_5__Candidatus Endobugula	
d03f852354f831c0e2177f3b67930e83	D_0__Bacteria	D_1__Proteobacteria	D_2__Deltaproteobacteria	D_3__Bdellovibrionales	D_4__Bdellovibrionaceae	D_5__Bdellovibrio	
4c5f3ad9170f98841b1a61e3788062d2	D_0__Bacteria	D_1__Chlamydiae	D_2__Chlamydiae	D_3__Chlamydiales	D_4__Simkaniaceae	D_5__Candidatus Rhabdochlamydia	
95ec5221fbc13b6bd2d2d06d524d5016	D_0__Bacteria	D_1__Proteobacteria	D_2__Gammaproteobacteria	D_3__Legionellales	D_4__Legionellaceae		
3d9beeac23f4876e7c6ed2de48daaac3	D_0__Bacteria	D_1__Bacteroidetes	D_2__Bacteroidia	D_3__Flavobacteriales	D_4__Flavobacteriaceae	D_5__Nonlabens	
7bf09996b799019d6d9f34ed854dca03	D_0__Bacteria	D_1__Firmicutes	D_2__Bacilli	D_3__Lactobacillales	D_4__Streptococcaceae	D_5__Streptococcus	
95a8e7e37b4e93a4087a5d619589d8e4	D_0__Bacteria	D_1__Proteobacteria	D_2__Alphaproteobacteria	D_3__Caulobacterales	D_4__Hyphomonadaceae	D_5__Hellea	
435980b3639e6be968e665b1b84309e0	D_0__Bacteria	D_1__Actinobacteria	D_2__Actinobacteria	D_3__Micrococcales	D_4__Micrococcaceae	D_5__Micrococcus	
7729734fbb9bf255ffb058259638c810	D_0__Bacteria	D_1__Actinobacteria	D_2__Actinobacteria	D_3__Corynebacteriales	D_4__Corynebacteriaceae	D_5__Corynebacterium 1	D_6__Corynebacterium kroppenstedtii
59442d0e5c66b676a17772b8cea1b52e	D_0__Bacteria	D_1__Actinobacteria	D_2__Actinobacteria	D_3__Corynebacteriales	D_4__Corynebacteriaceae	D_5__Corynebacterium 1	
b6b59fbcf5613ba22f048da1ff1264d8	D_0__Bacteria	D_1__Proteobacteria	D_2__Alphaproteobacteria	D_3__Micavibrionales	D_4__Micavibrionaceae		
d91bb93f688d4fbaa910dcbc3ff2a055	D_0__Bacteria	D_1__Bacteroidetes	D_2__Bacteroidia	D_3__Flavobacteriales	D_4__Flavobacteriaceae	D_5__Flagellimonas	
ecc9286181730048ef8bb6b61c034c74	D_0__Bacteria	D_1__Proteobacteria	D_2__Gammaproteobacteria				
8288064861895204c870e09e92cc44c5	D_0__Bacteria	D_1__Proteobacteria	D_2__Alphaproteobacteria	D_3__Rhodobacterales	D_4__Rhodobacteraceae	D_5__Roseovarius	
4d5157b8ada876e74cc74f7ebea41f29	D_0__Bacteria	D_1__Proteobacteria	D_2__Deltaproteobacteria	D_3__Myxococcales	D_4__P3OB-42		
7dd5551886c7b46e274551f7a8c04e23	D_0__Bacteria	D_1__Proteobacteria	D_2__Gammaproteobacteria	D_3__Betaproteobacteriales	D_4__Burkholderiaceae		
1b517f6ed269c4516f2cc4c6fca1a0a0	D_0__Bacteria	D_1__Proteobacteria	D_2__Alphaproteobacteria	D_3__Caulobacterales	D_4__Caulobacteraceae	D_5__Brevundimonas	
9ce873c80cdc64feebb8fc868f9fe072	D_0__Bacteria	D_1__Firmicutes	D_2__Clostridia	D_3__Clostridiales	D_4__Family XI	D_5__Peptoniphilus	D_6__Peptoniphilus rhinitidis
ff0786acc3ea3eefec43e2602e77ac59	D_0__Bacteria	D_1__Proteobacteria	D_2__Alphaproteobacteria	D_3__Puniceispirillales			
4c62f2452b1a5c8afe689eca12268019	D_0__Bacteria	D_1__Bacteroidetes	D_2__Bacteroidia	D_3__Chitinophagales	D_4__Saprospiraceae	D_5__uncultured	D_6__Saccharina japonica
29d84f4e7fb662e7bc567101b156b1fc	D_0__Bacteria	D_1__Spirochaetes	D_2__Leptospirae	D_3__Leptospirales	D_4__Leptospiraceae	D_5__uncultured	D_6__uncultured spirochete
a6a23637cda5b0c0cf9e34bbefb71b5a	D_0__Bacteria	D_1__Proteobacteria	D_2__Alphaproteobacteria	D_3__Rhodospirillales	D_4__Terasakiellaceae		
599eeffbcfe0e0d713cbf4c9ebea826f	D_0__Bacteria	D_1__Bacteroidetes	D_2__Bacteroidia	D_3__Flavobacteriales	D_4__Flavobacteriaceae		
5e0bdf1766f05a2bfcdfc07254e40697	D_0__Bacteria	D_1__Chlamydiae	D_2__Chlamydiae	D_3__Chlamydiales	D_4__Simkaniaceae	D_5__Candidatus Fritschea	
44d09a7944c49c97652d002382e34506	D_0__Bacteria	D_1__Proteobacteria	D_2__Gammaproteobacteria				
1fde09201b721129ad69d13fc5865bf0	D_0__Bacteria	D_1__Proteobacteria	D_2__Alphaproteobacteria	D_3__Kordiimonadales			
4af1be2916c45a28616409e12afe0c00	D_0__Bacteria	D_1__Proteobacteria	D_2__Alphaproteobacteria	D_3__Rhizobiales	D_4__Rhizobiaceae		
f126e61fca47f5543863964d5c63b1d5	D_0__Bacteria	D_1__Proteobacteria	D_2__Gammaproteobacteria	D_3__F9P41300-M23			
1a1e43fcafb01b5d8d28a8be8fd66145	D_0__Bacteria	D_1__Proteobacteria	D_2__Gammaproteobacteria	D_3__OM182 clade			
6f33ea2339fe847baa98ff97d9f0e274	D_0__Bacteria	D_1__Proteobacteria	D_2__Deltaproteobacteria	D_3__Myxococcales	D_4__Sandaracinaceae	D_5__Sandaracinus	
0699b3dadfa1ef1b3d4533ebe26ddd1b	D_0__Bacteria	D_1__Actinobacteria	D_2__Actinobacteria	D_3__Micrococcales	D_4__Microbacteriaceae	D_5__Microbacterium	
811a836a17851c862cd4f199292399ba	D_0__Bacteria	D_1__Firmicutes	D_2__Bacilli	D_3__Bacillales	D_4__Staphylococcaceae	D_5__Staphylococcus	
1f2d067e3438cbd4d375c1ab5221560c	D_0__Bacteria	D_1__Firmicutes	D_2__Clostridia	D_3__Clostridiales	D_4__Family XI	D_5__Finegoldia	
706e089b3e9e02862a22cba464ab9f94	D_0__Bacteria	D_1__Proteobacteria	D_2__Gammaproteobacteria	D_3__Piscirickettsiales	D_4__Piscirickettsiaceae	D_5__Candidatus Endoecteinascidia	
6897824afe83ace25915959b89d5dd27	D_0__Bacteria	D_1__Bacteroidetes	D_2__Bacteroidia	D_3__Cytophagales	D_4__Amoebophilaceae		
49fce4becdbed4466420fc96a0991f65	D_0__Bacteria	D_1__Proteobacteria	D_2__Gammaproteobacteria	D_3__Coxiellales	D_4__Coxiellaceae	D_5__Coxiella	
af77ed1e236824609916a1eeb59dccdd	D_0__Bacteria	D_1__Proteobacteria	D_2__Gammaproteobacteria	D_3__Gammaproteobacteria Incertae Sedis			
7661fcb528e4667079c70ad0840e78df	D_0__Bacteria	D_1__Bacteroidetes	D_2__Bacteroidia	D_3__Cytophagales	D_4__Cyclobacteriaceae	D_5__Fabibacter	
640119334ba53cbb6fb3faadc2f3b5b5	D_0__Bacteria	D_1__Planctomycetes	D_2__OM190				
892aba51a90c42c52ce7a41e5e9b60f7	D_0__Bacteria	D_1__Proteobacteria	D_2__Alphaproteobacteria	D_3__Rhizobiales	D_4__Beijerinckiaceae	D_5__Methylobacterium	D_6__Methylobacterium podarium
e28d30c3ecf9ecf9d63f7f2983fa911d	D_0__Bacteria	D_1__Proteobacteria	D_2__Alphaproteobacteria	D_3__Sphingomonadales	D_4__Sphingomonadaceae	D_5__Sphingomonas	D_6__freshwater metagenome
aa278e6d5d299d715ae9dd964d561e1d	D_0__Bacteria	D_1__Gemmatimonadetes	D_2__Gemmatimonadetes	D_3__Gemmatimonadales	D_4__Gemmatimonadaceae	D_5__Gemmatirosa	
9cd50a25a60c158e59373c6165daae65	D_0__Bacteria	D_1__Actinobacteria	D_2__Actinobacteria	D_3__Micrococcales	D_4__Dermabacteraceae	D_5__Brachybacterium	D_6__Brachybacterium rhamnosum
b4619143f54f42af987d4fe74c8a82a6	D_0__Bacteria	D_1__Proteobacteria	D_2__Alphaproteobacteria	D_3__Puniceispirillales			
3fbfe49c7810378593d5c488e9c8bb6b	D_0__Bacteria	D_1__Proteobacteria	D_2__Gammaproteobacteria	D_3__Oceanospirillales	D_4__Pseudohongiellaceae	D_5__Pseudohongiella	
7acd8c589916a324e13cf36b9fa13258	D_0__Bacteria	D_1__Proteobacteria	D_2__Alphaproteobacteria				
51b24164872c25f85240152bdf147d67	D_0__Bacteria	D_1__Actinobacteria	D_2__Actinobacteria	D_3__Micrococcales	D_4__Brevibacteriaceae	D_5__Brevibacterium	
2727cc0d6694e8d3db188992ff124a97	D_0__Bacteria	D_1__Actinobacteria	D_2__Actinobacteria	D_3__Corynebacteriales	D_4__Corynebacteriaceae	D_5__Corynebacterium 1	D_6__Corynebacterium coyleae
e4d3701dcc2ce0a42de143238b83033e	D_0__Bacteria	D_1__Proteobacteria	D_2__Alphaproteobacteria	D_3__Sphingomonadales	D_4__Sphingomonadaceae	D_5__Erythrobacter	
5325064dbdd093417802200d3a721cd8	D_0__Bacteria	D_1__Bacteroidetes	D_2__Bacteroidia	D_3__Cytophagales	D_4__Cyclobacteriaceae	D_5__Marinoscillum	
7dfc5c42b9a8812e9725081ee4a51dcc	D_0__Bacteria	D_1__Proteobacteria	D_2__Alphaproteobacteria	D_3__Caulobacterales	D_4__Hyphomonadaceae	D_5__Ponticaulis	
85dfb383cafbd6fc2c7ed3ad6bc0b9b0	D_0__Bacteria	D_1__Firmicutes	D_2__Bacilli	D_3__Lactobacillales	D_4__Streptococcaceae	D_5__Streptococcus	
fe453302317e9fc20153f931a54835f8	D_0__Bacteria	D_1__Proteobacteria	D_2__Alphaproteobacteria	D_3__Micavibrionales	D_4__Micavibrionaceae		
b45a859e5767de052bead8b461acfead	D_0__Bacteria	D_1__Proteobacteria	D_2__Deltaproteobacteria	D_3__Myxococcales	D_4__Haliangiaceae	D_5__Haliangium	
bb88b4cc37ec53d8a65c7027807aafd2	D_0__Bacteria	D_1__Proteobacteria	D_2__Gammaproteobacteria				
3380b70b72b621ff45ef678db6d1e273	D_0__Bacteria						
b811fe2376902205ea40711600587619	D_0__Bacteria	D_1__Proteobacteria	D_2__Deltaproteobacteria	D_3__Bradymonadales			
510f5387eeff0aa888d07a38253c50ea	D_0__Bacteria	D_1__Proteobacteria	D_2__Gammaproteobacteria	D_3__Pasteurellales	D_4__Pasteurellaceae	D_5__Haemophilus	
937693b6fd89713fb8ac4e281cbd7314	D_0__Bacteria	D_1__Proteobacteria	D_2__Alphaproteobacteria	D_3__Caulobacterales	D_4__Hyphomonadaceae		
b8e2a8e96abd7573209e80b5ec910c42	D_0__Bacteria	D_1__Planctomycetes	D_2__Planctomycetacia	D_3__Pirellulales	D_4__Pirellulaceae	D_5__Blastopirellula	
c533adcdca0b3dd7de5de2844bd522b5	D_0__Bacteria	D_1__Proteobacteria	D_2__Alphaproteobacteria	D_3__Caulobacterales	D_4__Hyphomonadaceae	D_5__Algimonas	
b76134fc7374db5c97d0602d22c817be	D_0__Bacteria	D_1__Bacteroidetes	D_2__Rhodothermia	D_3__Rhodothermales	D_4__Rhodothermaceae		
5228aabd326e30c75915922987dbc1cf	D_0__Bacteria	D_1__Proteobacteria	D_2__Alphaproteobacteria	D_3__Sphingomonadales	D_4__Sphingomonadaceae	D_5__Erythrobacter	
4f870e4c97d8ebd296658af839c73a67	D_0__Bacteria	D_1__Proteobacteria	D_2__Gammaproteobacteria	D_3__Pseudomonadales	D_4__Moraxellaceae	D_5__Acinetobacter	
372a9b7fec1bd7bfae9495bad1de176f	D_0__Bacteria	D_1__Proteobacteria	D_2__Gammaproteobacteria	D_3__Pasteurellales	D_4__Pasteurellaceae	D_5__Pasteurella	D_6__Pasteurella canis
bddbba3c1cbda44fcfa2e4c2b3766f80	D_0__Bacteria	D_1__Proteobacteria	D_2__Gammaproteobacteria	D_3__OM182 clade			
2dc2fc59ba37e5ca40c0cef4f75d5fc8	D_0__Bacteria	D_1__Proteobacteria	D_2__Gammaproteobacteria	D_3__Coxiellales	D_4__Coxiellaceae	D_5__Coxiella	
f1432139b16855a731b20550e4993a8b	D_0__Bacteria	D_1__Proteobacteria	D_2__Alphaproteobacteria	D_3__Rhodospirillales	D_4__Terasakiellaceae		
e7c67a3099f5e8f6f8b7d38420190df5	D_0__Bacteria	D_1__Firmicutes	D_2__Bacilli	D_3__Bacillales	D_4__Bacillaceae	D_5__Geobacillus	
483552402d6d3fce52fa87722fdcb0ad	D_0__Bacteria	D_1__Proteobacteria	D_2__Deltaproteobacteria	D_3__Syntrophobacterales	D_4__Syntrophaceae		
aaf3a606ffb58a3c5034bef47b0c5d3a	D_0__Bacteria	D_1__Proteobacteria	D_2__Deltaproteobacteria	D_3__Bdellovibrionales	D_4__Bacteriovoracaceae	D_5__Peredibacter	D_6__uncultured Bacteriovorax sp.
307f304167c81ee12922df94f56756a5	D_0__Bacteria	D_1__Proteobacteria	D_2__Deltaproteobacteria	D_3__Myxococcales	D_4__Nannocystaceae		
5dd067f605af10a11eeb27ca0b3bc447	D_0__Bacteria	D_1__Fusobacteria	D_2__Fusobacteriia	D_3__Fusobacteriales	D_4__Fusobacteriaceae	D_5__Fusobacterium	
1b190e9d4e5634dd86d40101c96f8f91	D_0__Bacteria	D_1__Firmicutes	D_2__Clostridia	D_3__Clostridiales	D_4__Family XI	D_5__Ezakiella	
37671b879e23f9023da09d7a72f8f25f	D_0__Bacteria	D_1__Proteobacteria	D_2__Gammaproteobacteria	D_3__Oceanospirillales	D_4__Saccharospirillaceae	D_5__Thalassolituus	
1382ebf15cae28c5cc1ea4dc68645ce1	D_0__Bacteria	D_1__Proteobacteria	D_2__Alphaproteobacteria	D_3__Rhodospirillales	D_4__Magnetospiraceae		
64024882e70f3b7a90bb5918918d0160	D_0__Bacteria	D_1__Proteobacteria	D_2__Gammaproteobacteria	D_3__Cellvibrionales	D_4__Cellvibrionaceae	D_5__Candidatus Endobugula	
ebaec060534d66d0784ce646794a1cf5	D_0__Bacteria	D_1__Proteobacteria	D_2__Alphaproteobacteria	D_3__Rhodospirillales	D_4__Terasakiellaceae		
5553c18fc4321f93040ac02698a42fc6	D_0__Bacteria	D_1__Planctomycetes	D_2__Phycisphaerae	D_3__Phycisphaerales	D_4__Phycisphaeraceae	D_5__SM1A02	
45c4c1569cd103618d403e976f8dad56	D_0__Bacteria	D_1__Proteobacteria	D_2__Gammaproteobacteria	D_3__Francisellales	D_4__Francisellaceae		
1204a9aaa47516dbbe9fac6bfffd337f	D_0__Bacteria	D_1__Proteobacteria	D_2__Alphaproteobacteria	D_3__Micavibrionales	D_4__Micavibrionaceae		
46f9de97b1ac175383f6efc27b37cda6	D_0__Bacteria	D_1__Proteobacteria	D_2__Alphaproteobacteria	D_3__Rhodobacterales	D_4__Rhodobacteraceae		
22bb029861ebdd12cec6cedc035e6b21	D_0__Bacteria	D_1__Firmicutes	D_2__Negativicutes	D_3__Selenomonadales	D_4__Veillonellaceae	D_5__Dialister	
8aa181ec01fa6abe3943da07bbb9f926	D_0__Bacteria	D_1__Actinobacteria	D_2__Actinobacteria	D_3__Corynebacteriales	D_4__Tsukamurellaceae	D_5__Tsukamurella	
e005d92d7fec1d094360601efde23e9f	D_0__Bacteria	D_1__Proteobacteria	D_2__Alphaproteobacteria	D_3__Thalassobaculales			
2a8952998f52f8fe389a58e6ff1d4fc1	D_0__Bacteria	D_1__Proteobacteria	D_2__Alphaproteobacteria	D_3__Sphingomonadales	D_4__Sphingomonadaceae	D_5__Sphingomonas	
ec95ad96685d4ce4a4f030b8983917c8	D_0__Bacteria	D_1__Proteobacteria	D_2__Deltaproteobacteria	D_3__Myxococcales	D_4__Sandaracinaceae		
926e6dcab723e2a97398557c750b9822	D_0__Bacteria	D_1__Proteobacteria	D_2__Alphaproteobacteria				
e0913b7eea4e8319c6c4361ca653df9c	D_0__Bacteria	D_1__Proteobacteria					
f1c43ce950cd9675bfc895bbe89e7f4c	D_0__Bacteria	D_1__Proteobacteria	D_2__Deltaproteobacteria	D_3__Myxococcales			
026105edd4f42d8c95dfb88caa93bfe9	D_0__Bacteria	D_1__Proteobacteria	D_2__Deltaproteobacteria	D_3__Bdellovibrionales	D_4__Bacteriovoracaceae	D_5__Peredibacter	
79fea7073a32159fbf592c02ee449582	D_0__Bacteria	D_1__Proteobacteria	D_2__Gammaproteobacteria	D_3__Betaproteobacteriales	D_4__Burkholderiaceae	D_5__Ralstonia	
fa241a8bd5ace6efb2acc927032eaa12	D_0__Bacteria	D_1__Actinobacteria	D_2__Actinobacteria	D_3__Corynebacteriales	D_4__Corynebacteriaceae	D_5__Corynebacterium 1	D_6__Corynebacterium doosanense
7ac4ae86cafe41c61442889cdad58625	D_0__Bacteria	D_1__Bacteroidetes	D_2__Bacteroidia	D_3__Chitinophagales	D_4__Chitinophagaceae		
862ba0f67b51babbe062ba388b0a53c9	D_0__Bacteria	D_1__Proteobacteria	D_2__Gammaproteobacteria	D_3__Pseudomonadales	D_4__Pseudomonadaceae	D_5__Pseudomonas	
d2eb6c0b7246a8fa688fca8581c9fe98	D_0__Bacteria	D_1__Proteobacteria	D_2__Alphaproteobacteria	D_3__NRL2	D_4__Rhizobiales bacterium NRL2	D_5__Rhizobiales bacterium NRL2	D_6__Rhizobiales
ee2a2091ff402a48308fb4b82c34ce78	D_0__Bacteria	D_1__Proteobacteria	D_2__Alphaproteobacteria	D_3__Rickettsiales	D_4__AB1		
34073696f38ddd18e5c7c8318b4315bb	D_0__Bacteria	D_1__Proteobacteria	D_2__Alphaproteobacteria	D_3__Rhodovibrionales	D_4__Kiloniellaceae	D_5__Pelagibius	
cc7301e00f11b339efcfae5ba7aa2142	D_0__Bacteria	D_1__Proteobacteria	D_2__Alphaproteobacteria	D_3__Parvibaculales	D_4__Parvibaculaceae	D_5__Pyruvatibacter	D_6__Pyruvatibacter mobilis
1e9ede3f08b4c2469ce60aa0c3fd18ed	D_0__Bacteria	D_1__Bacteroidetes	D_2__Bacteroidia	D_3__Flavobacteriales	D_4__Cryomorphaceae	D_5__Luteibaculum	D_6__Flavobacteriales
56330b2977182b42093711cb90a3b065	D_0__Bacteria	D_1__Proteobacteria	D_2__Deltaproteobacteria	D_3__Bdellovibrionales	D_4__Bdellovibrionaceae	D_5__Bdellovibrio	D_6__marine metagenome
52d8cd45be6c2013c8eca2adb52fa418	D_0__Bacteria	D_1__Actinobacteria	D_2__Actinobacteria	D_3__Corynebacteriales	D_4__Corynebacteriaceae	D_5__Corynebacterium 1	
956cb9f534cbdeccfcff87539736258b	D_0__Bacteria	D_1__Actinobacteria	D_2__Actinobacteria	D_3__Corynebacteriales	D_4__Corynebacteriaceae	D_5__Corynebacterium 1	
afb56cccd0d81d1825e1e67153769f6e	D_0__Bacteria	D_1__Proteobacteria	D_2__Deltaproteobacteria	D_3__Myxococcales	D_4__Nannocystaceae		
e5e871d73d077ec828dcd4f5bf943f25	D_0__Bacteria	D_1__Proteobacteria	D_2__Gammaproteobacteria	D_3__Oceanospirillales	D_4__Oleiphilaceae	D_5__Oleiphilus	
0dfd415f0a6e73adcf8da1d2c845282b	D_0__Bacteria	D_1__Firmicutes	D_2__Bacilli	D_3__Lactobacillales	D_4__Streptococcaceae	D_5__Streptococcus	D_6__Streptococcus intermedius
5bbf9ccb6ff09c9adfabd549e4751572	D_0__Bacteria	D_1__Actinobacteria	D_2__Acidimicrobiia	D_3__Microtrichales	D_4__Iamiaceae	D_5__Iamia	
db7f976b37c1fd8f5d3690e917b2a6c3	D_0__Bacteria	D_1__Proteobacteria	D_2__Gammaproteobacteria	D_3__Enterobacteriales	D_4__Enterobacteriaceae		
8dcda56fb79df16c4995bc5b5ce6053a	D_0__Bacteria	D_1__Proteobacteria	D_2__Gammaproteobacteria	D_3__Pseudomonadales	D_4__Moraxellaceae	D_5__Acinetobacter	
3095a76b128713e5d113f635e336d1c0	D_0__Bacteria	D_1__Proteobacteria	D_2__Alphaproteobacteria				
7c08c7830d3b8ca585fe5ac751842d66	D_0__Bacteria	D_1__Planctomycetes	D_2__Planctomycetacia	D_3__Planctomycetales	D_4__Rubinisphaeraceae	D_5__Fuerstia	
01f61cf357a9ed5d15924880eb33db68	D_0__Bacteria	D_1__Firmicutes	D_2__Bacilli	D_3__Lactobacillales	D_4__Streptococcaceae	D_5__Streptococcus	
ad65576fa76dc82f6c6b924df2e62083	D_0__Bacteria	D_1__Proteobacteria	D_2__Deltaproteobacteria	D_3__PB19			
83d645fe436baa58a2e3a968d29af99e	D_0__Bacteria	D_1__Bacteroidetes	D_2__Bacteroidia	D_3__Flavobacteriales	D_4__Flavobacteriaceae	D_5__Muricauda	
0eeda2dcbee4bbb2d4544e1847666ea2	D_0__Bacteria	D_1__Bacteroidetes	D_2__Bacteroidia	D_3__Cytophagales	D_4__Cyclobacteriaceae	D_5__Ekhidna	
092b0c4853547e5acae2c3a86a26ad67	D_0__Bacteria	D_1__Bacteroidetes	D_2__Bacteroidia	D_3__Cytophagales			
241f79b9a730c74911f5a51598c2dd16	D_0__Bacteria	D_1__Proteobacteria	D_2__Deltaproteobacteria				
5ddc15aa17badedf77d6d48b0f759651	D_0__Bacteria	D_1__Proteobacteria	D_2__Gammaproteobacteria	D_3__Oceanospirillales	D_4__Alcanivoracaceae	D_5__Alcanivorax	
574756d4ac052fc5d1d86c678fd12354	D_0__Bacteria	D_1__Proteobacteria	D_2__Alphaproteobacteria	D_3__Rhizobiales	D_4__Stappiaceae	D_5__Labrenzia	
159ea4c28329f3fc47f2dc5014efbdc9	D_0__Bacteria	D_1__Proteobacteria	D_2__Alphaproteobacteria	D_3__Rhodobacterales	D_4__Rhodobacteraceae	D_5__Roseobacter	
78508c2e92138400cfe5c18db38f3965	D_0__Bacteria	D_1__Proteobacteria	D_2__Deltaproteobacteria	D_3__Bradymonadales			
cc8fbb0f1a2e94bb248483f71f2ad451	D_0__Bacteria	D_1__Proteobacteria	D_2__Gammaproteobacteria	D_3__Alteromonadales	D_4__Idiomarinaceae	D_5__Idiomarina	
5f522f089eb1c85a59d28e681f7f529a	D_0__Bacteria	D_1__Planctomycetes	D_2__Planctomycetacia	D_3__Pirellulales	D_4__Pirellulaceae	D_5__Bythopirellula	
dd53a26ddf6fe7a7a9cd0ecb53dc073e	D_0__Bacteria	D_1__Proteobacteria	D_2__Alphaproteobacteria	D_3__Micavibrionales	D_4__Micavibrionaceae		
b55a02f77ff3e460184ee2fab5a99444	D_0__Bacteria	D_1__Firmicutes	D_2__Clostridia	D_3__Clostridiales	D_4__Lachnospiraceae	D_5__[Eubacterium] xylanophilum group	
99664aa88271cbda49314da4a8eb7955	D_0__Bacteria	D_1__Proteobacteria	D_2__Alphaproteobacteria	D_3__Rickettsiales	D_4__Rickettsiaceae	D_5__uncultured	
373d63f1aef91b8dd127d0a57d6d231d	D_0__Bacteria	D_1__Proteobacteria	D_2__Gammaproteobacteria	D_3__Betaproteobacteriales	D_4__Burkholderiaceae	D_5__Caldimonas	D_6__Caldimonas taiwanensis
905cff76b030b281ca221e609ebcdef2	D_0__Bacteria	D_1__Proteobacteria	D_2__Alphaproteobacteria	D_3__Rhizobiales	D_4__Methyloligellaceae		
91e7b820214b19a206dc8115258c9d76	D_0__Bacteria	D_1__Proteobacteria	D_2__Gammaproteobacteria				
cde9575900c4c171414a228b4f386c2f	D_0__Bacteria	D_1__Actinobacteria	D_2__Actinobacteria	D_3__Actinomycetales	D_4__Actinomycetaceae	D_5__Actinomyces	
9c181bbb679a67305e8a71ea7ecbb89f	D_0__Bacteria	D_1__Proteobacteria	D_2__Deltaproteobacteria	D_3__Myxococcales	D_4__Nannocystaceae		
0b6ff2fa21866c3fb2d481ce0cad6762	D_0__Bacteria	D_1__Proteobacteria	D_2__Alphaproteobacteria	D_3__Rickettsiales	D_4__Midichloriaceae	D_5__MD3-55	
f6b4bcf2631b590cd73cea6a64d07254	D_0__Bacteria	D_1__Proteobacteria	D_2__Gammaproteobacteria	D_3__Pseudomonadales	D_4__Pseudomonadaceae	D_5__Pseudomonas	
ec21ef164ee32a57db2e8b1ada07952a	D_0__Bacteria	D_1__Proteobacteria	D_2__Gammaproteobacteria	D_3__Enterobacteriales	D_4__Enterobacteriaceae		
f549ce4ff42a1609f70e95d1539eff40	D_0__Bacteria	D_1__Bacteroidetes	D_2__Bacteroidia	D_3__Cytophagales	D_4__Spirosomaceae	D_5__Spirosoma	
023bc360f0f48b25606190b1ebca5fa3	D_0__Bacteria	D_1__Proteobacteria	D_2__Alphaproteobacteria	D_3__Rhodobacterales	D_4__Rhodobacteraceae	D_5__Ruegeria	
2c2a0c9f2613458b9c98dbbf5b828af0	D_0__Bacteria	D_1__Bacteroidetes	D_2__Bacteroidia	D_3__Chitinophagales	D_4__uncultured		
7b7c197c157ca7e78eabfc8721c06727	D_0__Bacteria	D_1__Proteobacteria	D_2__Alphaproteobacteria	D_3__Rhodospirillales	D_4__Magnetospiraceae		
6e167443324453f67c7d2baa71efcae1	D_0__Bacteria	D_1__Proteobacteria	D_2__Deltaproteobacteria	D_3__Myxococcales	D_4__P3OB-42		
371661a475c9c2a0f453d823c1b1388f	D_0__Bacteria	D_1__Bacteroidetes	D_2__Bacteroidia	D_3__Chitinophagales			
f8dc0fa1620629db6cea60cbde4ce7e8	D_0__Bacteria	D_1__Planctomycetes	D_2__Pla3 lineage				
1911d148970906e405d510e9c3f858bb	D_0__Bacteria	D_1__Proteobacteria	D_2__Alphaproteobacteria	D_3__Sphingomonadales	D_4__Sphingomonadaceae	D_5__Sphingomonas	D_6__Sphingomonas panni
bbf582570b5cf6ae6dce53f36190f87b	D_0__Bacteria	D_1__Proteobacteria	D_2__Gammaproteobacteria	D_3__Betaproteobacteriales	D_4__Burkholderiaceae	D_5__Burkholderia-Caballeronia-Paraburkholderia	
71815b48c56059c6b5259b7e168ef708	D_0__Bacteria	D_1__Proteobacteria	D_2__Alphaproteobacteria	D_3__Rhodobacterales	D_4__Rhodobacteraceae		
c59a521d10f8ee9a54ebca7351666998	D_0__Bacteria	D_1__Proteobacteria	D_2__Alphaproteobacteria	D_3__Rhizobiales	D_4__Rhizobiaceae		
f7a208a830821b7d3c0c9031b9d09726	D_0__Bacteria	D_1__Bacteroidetes	D_2__Bacteroidia	D_3__Flavobacteriales	D_4__Cryomorphaceae	D_5__uncultured	
78d5aae6b66e7d786f091294174e2839	D_0__Bacteria	D_1__Proteobacteria	D_2__Gammaproteobacteria	D_3__Pseudomonadales	D_4__Moraxellaceae	D_5__Acinetobacter	
42fa4267853fe6a79fedf7a55b3900b6	D_0__Bacteria	D_1__Actinobacteria	D_2__Actinobacteria	D_3__Corynebacteriales	D_4__Corynebacteriaceae	D_5__Corynebacterium 1	D_6__Corynebacterium casei
a5ad2910778ecb73b6df4f7a4e91a405	D_0__Bacteria	D_1__Proteobacteria	D_2__Alphaproteobacteria	D_3__Rhodobacterales	D_4__Rhodobacteraceae		
2faa26b1a1f113e909cee7622ffcc5d2	D_0__Bacteria	D_1__Firmicutes	D_2__Bacilli	D_3__Bacillales	D_4__Staphylococcaceae	D_5__Staphylococcus	
34d4b343ca41ca143fcdea9c9cb229b1	D_0__Bacteria	D_1__Proteobacteria	D_2__Alphaproteobacteria	D_3__Rhodovibrionales	D_4__Kiloniellaceae	D_5__Pelagibius	
54ee21b49c924e03ffba8379ad8588a0	D_0__Bacteria	D_1__Proteobacteria	D_2__Gammaproteobacteria	D_3__Betaproteobacteriales	D_4__Burkholderiaceae	D_5__Variovorax	
92c3aabe2785555cef427488af0f638d	D_0__Bacteria	D_1__Bacteroidetes	D_2__Bacteroidia	D_3__Cytophagales	D_4__Cyclobacteriaceae	D_5__Ekhidna	
078b5cc01ce5eaa77eeb5942acbcc155	D_0__Bacteria	D_1__Proteobacteria	D_2__Gammaproteobacteria	D_3__Betaproteobacteriales	D_4__Burkholderiaceae		
93a685441af47771e5e820e14b6eb2d2	D_0__Bacteria	D_1__Proteobacteria	D_2__Alphaproteobacteria				
1c373e27f9fb4dfc6cb5a9b4618086e1	D_0__Bacteria	D_1__Proteobacteria	D_2__Alphaproteobacteria	D_3__Rickettsiales	D_4__Mitochondria	D_5__Camelina sativa	D_6__Camelina sativa
fb31e46e931f593111362f59f713cf39	D_0__Bacteria	D_1__Lentisphaerae	D_2__Lentisphaeria	D_3__Lentisphaerales	D_4__Lentisphaeraceae	D_5__Lentisphaera	
f1e0316b0c1f4880f71c51d98c9cb2d5	D_0__Bacteria	D_1__Planctomycetes	D_2__Phycisphaerae	D_3__Phycisphaerales	D_4__Phycisphaeraceae		
6c3a9e925b5d0e263f321505d2dbf1b3	D_0__Bacteria	D_1__Proteobacteria	D_2__Deltaproteobacteria	D_3__Oligoflexales	D_4__Oligoflexaceae		
a6f391fef91342aa8ff6420b957b6db6	D_0__Bacteria	D_1__Planctomycetes	D_2__Phycisphaerae	D_3__Phycisphaerales	D_4__Phycisphaeraceae		
a13e7e07ecfc46d277fddc785977fba3	D_0__Bacteria	D_1__Acidobacteria	D_2__Holophagae	D_3__Acanthopleuribacterales	D_4__Acanthopleuribacteraceae	D_5__Acanthopleuribacter	
159383fbd63c2aa0d968838005abc83e	D_0__Bacteria	D_1__Actinobacteria	D_2__Actinobacteria	D_3__Propionibacteriales	D_4__Nocardioidaceae	D_5__Nocardioides	
6a32be47835e174c6854b8307018c78a	D_0__Bacteria	D_1__Proteobacteria	D_2__Gammaproteobacteria	D_3__Pseudomonadales	D_4__Moraxellaceae	D_5__Enhydrobacter	
34570bd111007c0492a7abfcab358c24	D_0__Bacteria	D_1__Proteobacteria	D_2__Gammaproteobacteria	D_3__Gammaproteobacteria Incertae Sedis			
c72135472cb56ff3b99de0bb6c15733b	D_0__Bacteria	D_1__Bacteroidetes	D_2__Bacteroidia	D_3__Chitinophagales			
238f6eb81cb73de744f7a71dacc42754	D_0__Bacteria	D_1__Proteobacteria	D_2__Gammaproteobacteria	D_3__F9P41300-M23			
74cc28b68d6b5e8ef310239a0b88607d	D_0__Bacteria	D_1__Proteobacteria	D_2__Deltaproteobacteria	D_3__Bdellovibrionales	D_4__Bdellovibrionaceae	D_5__OM27 clade	
a3baedf31fca5004264bf8121741d695	D_0__Bacteria	D_1__Proteobacteria	D_2__Gammaproteobacteria	D_3__Vibrionales	D_4__Vibrionaceae	D_5__Vibrio	
e6006a75b3c3195aaa0b74582b6a8d39	D_0__Bacteria	D_1__Proteobacteria	D_2__Gammaproteobacteria				
414e4d2df92009ad8f25ab0a0636f3f5	D_0__Bacteria	D_1__Proteobacteria	D_2__Gammaproteobacteria	D_3__Salinisphaerales	D_4__Solimonadaceae	D_5__Hydrocarboniphaga	D_6__uncultured bacterium
af1d594c28158e08139b3dc6d581e059	D_0__Bacteria	D_1__Proteobacteria	D_2__Deltaproteobacteria	D_3__Myxococcales	D_4__Sandaracinaceae	D_5__uncultured	D_6__myxobacterium
fb3ba9f3ed9a436d4595b015ea4f258b	D_0__Bacteria	D_1__Proteobacteria	D_2__Alphaproteobacteria	D_3__Rhodospirillales			
6bda66a0ea4dd63f7bdbc0921d858f9f	D_0__Bacteria	D_1__Proteobacteria	D_2__Deltaproteobacteria	D_3__Bradymonadales			
419c126c177f30785cc40be21a92bfde	D_0__Bacteria	D_1__Proteobacteria	D_2__Alphaproteobacteria	D_3__Caulobacterales	D_4__Hyphomonadaceae	D_5__Henriciella	D_6__uncultured bacterium
10919fb00aaa40e7594881c7a4e1e34f	D_0__Bacteria	D_1__Bacteroidetes	D_2__Rhodothermia	D_3__Balneolales	D_4__Balneolaceae	D_5__Balneola	
a186fa6df7e7017bee3bc75a85a6a6f3	D_0__Bacteria	D_1__Proteobacteria	D_2__Alphaproteobacteria	D_3__Rhizobiales	D_4__Rhizobiaceae	D_5__Pseudahrensia	
10a419adb9ecee1d6409aabc328d718d	D_0__Bacteria	D_1__Proteobacteria	D_2__Alphaproteobacteria	D_3__Rhodovibrionales	D_4__Kiloniellaceae	D_5__uncultured	D_6__uncultured bacterium
beb30f30d41aacfbb00c7d544efc19f9	D_0__Bacteria	D_1__Proteobacteria	D_2__Gammaproteobacteria	D_3__Pseudomonadales	D_4__Pseudomonadaceae	D_5__Pseudomonas	
fddab79ff073446b95c1532828a4d02e	D_0__Bacteria	D_1__Firmicutes	D_2__Bacilli	D_3__Lactobacillales	D_4__Lactobacillaceae	D_5__Lactobacillus	D_6__Lactobacillus jensenii
23e4dc920ecf5260d5d27e937f745f96	D_0__Bacteria	D_1__Bacteroidetes	D_2__Bacteroidia	D_3__Flavobacteriales	D_4__Flavobacteriaceae	D_5__Spongiibacterium	D_6__Spongiibacterium flavum
a57230a6f5a46a90222caf5bff0ced3f	D_0__Bacteria	D_1__Proteobacteria	D_2__Alphaproteobacteria	D_3__Micavibrionales	D_4__Micavibrionaceae		
c8913cfc06c032ba40591300a0b77ad4	D_0__Bacteria	D_1__Proteobacteria	D_2__Deltaproteobacteria	D_3__PB19			
2b4049de0a235a817a2e955279c9a40f	D_0__Bacteria	D_1__Proteobacteria	D_2__Gammaproteobacteria	D_3__Pseudomonadales	D_4__Pseudomonadaceae	D_5__Pseudomonas	
f39d00915d60dbcfa21b16fd190e50a4	D_0__Bacteria	D_1__Proteobacteria	D_2__Deltaproteobacteria	D_3__PB19			
85b851d94cef3b57879f055a18e95b38	D_0__Bacteria	D_1__Proteobacteria	D_2__Alphaproteobacteria	D_3__Rhodobacterales	D_4__Rhodobacteraceae		
5662e8e49049fbb2dcc9a2e4fffd6920	D_0__Bacteria	D_1__Bacteroidetes	D_2__Bacteroidia	D_3__Cytophagales	D_4__Cyclobacteriaceae	D_5__Fabibacter	
00dc53666c2365448021417f36df12c7	D_0__Bacteria	D_1__Proteobacteria	D_2__Deltaproteobacteria	D_3__Bdellovibrionales	D_4__Bacteriovoracaceae		
7909c43cf4f8ab2711ae8ff4c460d5cf	D_0__Bacteria	D_1__Proteobacteria	D_2__Alphaproteobacteria				
2be912803fd3c9bf52178734a85ab272	D_0__Bacteria	D_1__Proteobacteria	D_2__Deltaproteobacteria	D_3__Bdellovibrionales	D_4__Bdellovibrionaceae	D_5__Bdellovibrio	
43c9222bb2ab7b02a08ee36ba16e05f6	D_0__Bacteria	D_1__Proteobacteria	D_2__Gammaproteobacteria	D_3__Oceanospirillales	D_4__Halomonadaceae	D_5__Halomonas	
d804751d9d48138a3a7ca9aeef24894e	D_0__Bacteria	D_1__Proteobacteria	D_2__Deltaproteobacteria	D_3__Bdellovibrionales	D_4__Bdellovibrionaceae	D_5__Bdellovibrio	
67bcaed5c0e03e81cb84eaa3fea2b124	D_0__Bacteria	D_1__Proteobacteria	D_2__Gammaproteobacteria	D_3__Xanthomonadales	D_4__Rhodanobacteraceae		
417956c1517df6c9b93415d7ed3d5498	D_0__Bacteria	D_1__Proteobacteria	D_2__Alphaproteobacteria				
a14d4f1427d2192cf54e73897704367d	D_0__Bacteria	D_1__Actinobacteria	D_2__Actinobacteria	D_3__Micrococcales	D_4__Microbacteriaceae	D_5__Curtobacterium	
573dc137d974565bd3033c1e32f738fa	D_0__Bacteria	D_1__Proteobacteria	D_2__Gammaproteobacteria	D_3__BD72BR169			
a3160b01d9b88c4be339a6794e3aa0f8	D_0__Bacteria	D_1__Firmicutes	D_2__Bacilli	D_3__Lactobacillales	D_4__Streptococcaceae	D_5__Streptococcus	D_6__Streptococcus salivarius subsp. thermophilus
1bd067cdc811a32e74f74c6506a82932	D_0__Bacteria	D_1__Proteobacteria	D_2__Alphaproteobacteria	D_3__Micavibrionales	D_4__Micavibrionaceae		
2de4279a4e56ae8bc6f1741ca94f329e	D_0__Bacteria	D_1__Planctomycetes	D_2__Planctomycetacia	D_3__Pirellulales	D_4__Pirellulaceae	D_5__Bythopirellula	
b1ec913ba8eef8f6da313600ade0ce15	D_0__Bacteria	D_1__Bacteroidetes	D_2__Bacteroidia	D_3__Flavobacteriales	D_4__Crocinitomicaceae	D_5__Fluviicola	
a837e5c80f81e454dcbca9d540107e3a	D_0__Bacteria	D_1__Patescibacteria	D_2__Gracilibacteria	D_3__Candidatus Peregrinibacteria	D_4__uncultured bacterium	D_5__uncultured bacterium	
8e576c983ab304f2fed78c8f94cd96c5	D_0__Bacteria	D_1__Actinobacteria	D_2__Actinobacteria	D_3__Corynebacteriales	D_4__Corynebacteriaceae	D_5__Corynebacterium 1	
be53b0cf945b09ede54e86a2dda400aa	D_0__Bacteria	D_1__Bacteroidetes	D_2__Bacteroidia	D_3__Flavobacteriales	D_4__Flavobacteriaceae		
feddd98213058dfbce70b9ba020fb1ee	D_0__Bacteria	D_1__Proteobacteria	D_2__Gammaproteobacteria	D_3__Alteromonadales	D_4__Psychromonadaceae	D_5__Psychromonas	
6fe741025e8ea317c3f02f4f6a8841a5	D_0__Bacteria	D_1__Proteobacteria	D_2__Alphaproteobacteria	D_3__Rickettsiales	D_4__Mitochondria		
904893a5945a58ab0d5f1107ee9c3b22	D_0__Bacteria	D_1__Actinobacteria	D_2__Actinobacteria	D_3__Propionibacteriales	D_4__Propionibacteriaceae	D_5__Cutibacterium	
91f21ca858779df153e1d2d20f29ac26	D_0__Bacteria	D_1__Proteobacteria	D_2__Alphaproteobacteria	D_3__Rhizobiales	D_4__Methyloligellaceae		
e7611ccdcd438687315d6a2d2d07bd47	D_0__Bacteria	D_1__Bacteroidetes	D_2__Ignavibacteria	D_3__OPB56			
723cb8fe9b938e14652333eb198b02d3	D_0__Bacteria	D_1__Proteobacteria	D_2__Gammaproteobacteria	D_3__Thiohalorhabdales	D_4__Thiohalorhabdaceae		
9f327a154a4f3b24c10aee798672f09c	D_0__Bacteria	D_1__Proteobacteria	D_2__Gammaproteobacteria	D_3__Gammaproteobacteria Incertae Sedis			
ec670298b64697424a1ab0ba2912c667	D_0__Bacteria	D_1__Bacteroidetes	D_2__Bacteroidia	D_3__Flavobacteriales	D_4__Cryomorphaceae		
8fcfb6bd89382ab68cc18226b05d7cdd	D_0__Bacteria	D_1__Proteobacteria	D_2__Deltaproteobacteria	D_3__Myxococcales	D_4__Blfdi19		
a4a29629bd0e540809d4b05878403f05	D_0__Bacteria	D_1__Proteobacteria	D_2__Alphaproteobacteria	D_3__Rickettsiales	D_4__Rickettsiaceae		
87f991a2894d152c8a12ed6d0458c35c	D_0__Bacteria	D_1__Proteobacteria	D_2__Alphaproteobacteria	D_3__Rhodospirillales	D_4__Terasakiellaceae		
0a51b2f077fc281e02a1706f3b8ea531	D_0__Bacteria	D_1__Proteobacteria	D_2__Alphaproteobacteria	D_3__Rickettsiales	D_4__Mitochondria		
ae3fc4143801199d16267e2ec2d57f4b	D_0__Bacteria	D_1__Gemmatimonadetes	D_2__BD2-11 terrestrial group	D_3__uncultured bacterium			
09246a5bbf2124258ea753db570f2e2c	D_0__Bacteria	D_1__Bacteroidetes	D_2__Bacteroidia	D_3__Cytophagales	D_4__Microscillaceae		
b01babee524c01ff4e05574a5ac2c088	D_0__Bacteria	D_1__Proteobacteria	D_2__Gammaproteobacteria	D_3__Thiohalorhabdales	D_4__Thiohalorhabdaceae		
bbb6fe06def8ca944b266a6443f39818	D_0__Bacteria	D_1__WPS-2	D_2__hydrothermal vent metagenome	D_3__hydrothermal vent metagenome	D_4__hydrothermal vent metagenome	D_5__hydrothermal vent metagenome	D_6__hydrothermal vent metagenome
78f52184ef7212f1e139ca1553ac752c	D_0__Bacteria	D_1__Proteobacteria	D_2__Gammaproteobacteria	D_3__Pseudomonadales	D_4__Moraxellaceae	D_5__Enhydrobacter	
ca935d2185438a7f1a6a001037a1f166	D_0__Bacteria	D_1__Chlamydiae	D_2__Chlamydiae	D_3__Chlamydiales			
55c10e0788957468e49d32ff9d0adf71	D_0__Bacteria	D_1__Proteobacteria	D_2__Gammaproteobacteria	D_3__F9P41300-M23			
00def0060126ea4e9336b7882ffa1d5d	D_0__Bacteria	D_1__Proteobacteria	D_2__Deltaproteobacteria	D_3__Syntrophobacterales	D_4__Syntrophaceae		
ab199f704c81a5812707412ecc69c61f	D_0__Bacteria	D_1__Chlamydiae	D_2__Chlamydiae	D_3__Chlamydiales			
751661e34165800f853b18ce1c79700e	D_0__Bacteria	D_1__Proteobacteria	D_2__Alphaproteobacteria	D_3__Sphingomonadales	D_4__Sphingomonadaceae	D_5__Sphingomonas	D_6__Sphingomonas yunnanensis
35f5bbde04582c7500c49a46cc32ab88	D_0__Bacteria	D_1__Planctomycetes	D_2__Phycisphaerae	D_3__Phycisphaerales	D_4__Phycisphaeraceae	D_5__Phycisphaera	
44ad5d55a596783866b8c24572a8f7c3	D_0__Bacteria	D_1__Proteobacteria	D_2__Alphaproteobacteria	D_3__Sphingomonadales	D_4__Sphingomonadaceae	D_5__Erythrobacter	
6961e2b6b3a53cefbf42ce0172b4dcd9	D_0__Bacteria	D_1__Bacteroidetes	D_2__Bacteroidia	D_3__Flavobacteriales			
454c4c1d0119cb25583d6deaaec74066	D_0__Bacteria	D_1__Planctomycetes	D_2__Planctomycetacia	D_3__Pirellulales	D_4__Pirellulaceae	D_5__Rhodopirellula	
a757fdd7057a2d74a273eed9f89feb03	D_0__Bacteria	D_1__Planctomycetes	D_2__Planctomycetacia	D_3__Pirellulales	D_4__Pirellulaceae	D_5__Pirellula	
f9c284124149e3694565db91e80dddd2	D_0__Bacteria	D_1__Proteobacteria	D_2__Alphaproteobacteria	D_3__Rickettsiales	D_4__Mitochondria		
b9b90dbdc4509946cf68b87e673d13fa	D_0__Bacteria	D_1__Proteobacteria	D_2__Gammaproteobacteria	D_3__Alteromonadales	D_4__Idiomarinaceae	D_5__Idiomarina	
ff7c081b2302200a8e473b5df0091109	D_0__Bacteria	D_1__Bacteroidetes	D_2__Bacteroidia	D_3__Chitinophagales	D_4__Saprospiraceae		
d64c8ba308f193085467876fdb970645	D_0__Bacteria	D_1__Planctomycetes	D_2__Phycisphaerae	D_3__Phycisphaerales	D_4__Phycisphaeraceae	D_5__Algisphaera	
b6504e25c0eb884db28e7e5493d50017	D_0__Bacteria	D_1__Proteobacteria	D_2__Deltaproteobacteria	D_3__Myxococcales	D_4__Nannocystaceae		
04ff0f2ea6a3e5c915e15684499b2959	D_0__Bacteria	D_1__Proteobacteria	D_2__Alphaproteobacteria	D_3__Rhizobiales	D_4__Kaistiaceae	D_5__Kaistia	
5ff4245599983d6e465e5a13d78b8306	D_0__Bacteria	D_1__Proteobacteria	D_2__Deltaproteobacteria	D_3__Bdellovibrionales	D_4__Bdellovibrionaceae	D_5__OM27 clade	
4c22be7908a02235df4ca73a4b470626	D_0__Bacteria	D_1__Proteobacteria	D_2__Alphaproteobacteria	D_3__Micavibrionales	D_4__Micavibrionaceae		
1d9373931d34e76b6433cf304e681bb7	D_0__Bacteria	D_1__Proteobacteria	D_2__Gammaproteobacteria	D_3__Alteromonadales	D_4__Alteromonadaceae		
99a5f5db58e8917ec4704296b94aae2c	D_0__Bacteria	D_1__Planctomycetes	D_2__Planctomycetacia	D_3__Pirellulales	D_4__Pirellulaceae	D_5__Blastopirellula	
3899ae2ed7ccae7deeb91ed4dba17e5e	D_0__Bacteria	D_1__Proteobacteria	D_2__Deltaproteobacteria	D_3__Myxococcales	D_4__P3OB-42		
02c7a3fe2b4565fd27ba8687d4ce9d83	D_0__Bacteria	D_1__Planctomycetes	D_2__Phycisphaerae	D_3__Phycisphaerales	D_4__Phycisphaeraceae	D_5__SM1A02	
c607ca463908d557ed7f1bb817c7246f	D_0__Bacteria	D_1__Gemmatimonadetes	D_2__BD2-11 terrestrial group				
bc5b746d8edfb9b0445edee4dc59702e	D_0__Bacteria	D_1__Proteobacteria	D_2__Alphaproteobacteria	D_3__Sphingomonadales	D_4__Sphingomonadaceae		
d6ecd1d53e56d6359d9de840e111d667	D_0__Bacteria	D_1__Proteobacteria	D_2__Gammaproteobacteria	D_3__Gammaproteobacteria Incertae Sedis			
a80343244fe396498da1907ddab3a397	D_0__Bacteria	D_1__Proteobacteria	D_2__Gammaproteobacteria				
51569bb7a30b220232877bb61254e817	D_0__Bacteria	D_1__Planctomycetes	D_2__Phycisphaerae	D_3__Phycisphaerales	D_4__Phycisphaeraceae	D_5__Phycisphaera	
77b6efdbe1e6d90c43f2fbf3e6534a53	D_0__Bacteria	D_1__Firmicutes	D_2__Bacilli	D_3__Bacillales	D_4__Family XII	D_5__Exiguobacterium	
dbdca4b523d3834576fac105bf7a56f1	D_0__Bacteria	D_1__Proteobacteria	D_2__Deltaproteobacteria	D_3__Bradymonadales			
22404c2ffeb0eb07b367869f2986642d	D_0__Bacteria	D_1__Proteobacteria	D_2__Gammaproteobacteria	D_3__Salinisphaerales	D_4__Solimonadaceae	D_5__Oceanococcus	
c5de0923adbb2fb63b93878ec2acf80c	D_0__Bacteria	D_1__Firmicutes	D_2__Bacilli	D_3__Bacillales	D_4__Family XI	D_5__Gemella	
b052035a73ed1904ae929ea03c45d843	D_0__Bacteria	D_1__Patescibacteria	D_2__Gracilibacteria	D_3__Candidatus Peregrinibacteria			
3fad540f929bf63be1ce2168bbe65394	D_0__Bacteria	D_1__Bacteroidetes	D_2__Bacteroidia	D_3__Sphingobacteriales	D_4__Sphingobacteriaceae	D_5__Sphingobacterium	
9d6403b6772155cced0f35f08e0630f8	D_0__Bacteria	D_1__Proteobacteria	D_2__Alphaproteobacteria	D_3__Rickettsiales	D_4__Mitochondria		
fbf10cb48bb23a060d4b0168b8fa5a9c	D_0__Bacteria						
5c5a977be958c68fd187e9ed790589a7	D_0__Bacteria	D_1__Proteobacteria	D_2__Deltaproteobacteria	D_3__Myxococcales	D_4__Haliangiaceae	D_5__Haliangium	
227d52e88077e8379fb076101a33eb3f	D_0__Bacteria	D_1__Planctomycetes	D_2__Phycisphaerae	D_3__Phycisphaerales	D_4__Phycisphaeraceae		
4dd6f010655128ab308aaa4aea61e15f	D_0__Bacteria	D_1__Bacteroidetes	D_2__Bacteroidia	D_3__Flavobacteriales	D_4__Cryomorphaceae		
cf31fba92d58b405c3d8bce24bc4678f	D_0__Bacteria	D_1__Firmicutes	D_2__Clostridia	D_3__Clostridiales	D_4__Family XI	D_5__Peptoniphilus	
1ea842744639f7cd6468a2a422af90a7	D_0__Bacteria	D_1__Proteobacteria	D_2__Gammaproteobacteria	D_3__Betaproteobacteriales	D_4__Burkholderiaceae	D_5__Undibacterium	
b40386be8fea8d70d634d58d86328650	D_0__Bacteria	D_1__Proteobacteria	D_2__Deltaproteobacteria	D_3__Oligoflexales	D_4__0319-6G20		
cc287e8837027bd44fd14a55a566adad	D_0__Bacteria	D_1__Planctomycetes	D_2__OM190				
ac7ca9806197bc66f3f3d15f5e91cb29	D_0__Bacteria	D_1__Spirochaetes	D_2__Leptospirae	D_3__Leptospirales	D_4__Leptospiraceae	D_5__Turneriella	
f96524240d0c7e6c19bc0e3f7eb068a9	D_0__Bacteria	D_1__Planctomycetes	D_2__Planctomycetacia	D_3__Pirellulales	D_4__Pirellulaceae	D_5__Pirellula	
bd7ffe913695618020ca3db344280988	D_0__Bacteria	D_1__Proteobacteria	D_2__Alphaproteobacteria	D_3__Paracaedibacterales	D_4__Paracaedibacteraceae		
b222fee3b1b5497222852d4f1e79713b	D_0__Bacteria	D_1__Bacteroidetes	D_2__Bacteroidia	D_3__Chitinophagales	D_4__Chitinophagaceae	D_5__Flavisolibacter	